Customer_ID,Customer_Name,Customer_Location,Primary_Warehouse,Secondary_Warehouse,Tertiary_Warehouse
C0001,Umang Pandit,Vijayawada,W014,W015,W013
C0002,Frado Dube,Nagpur,W004,W005,W006
C0003,Yoshita Garde,Vellore,W015,W013,W014
C0004,Mugdha Chakrabarti,Dhanbad,W012,W010,W011
C0005,Nirja Sharma,Udaipur,W006,W005,W004
C0006,Ati Behl,New Delhi,W001,W002,W003
C0007,Hamsini Trivedi,Dhanbad,W012,W010,W011
C0008,Falak Anand,Mumbai,W004,W005,W006
C0009,Aradhana Palan,Lucknow,W002,W001,W003
C0010,,Ghaziabad,W002,W001,W003
C0010,,Ghaziabad,W002,W001,W003
C0011,Nicholas Saraf,Faridabad,W003,W001,W002
C0012,Meghana Bal,Salem,W015,W013,W014
C0013,Prisha Brar,New Delhi,W001,W002,W003
C0013,Prisha Brar,New Delhi,W001,W002,W003
C0014,Samuel Sinha,Salem,W015,W013,W014
C0015,Qabil Chada,Indore,W010,W011,W012
C0015,Qabil Chada,Indore,W010,W011,W012
C0016,Chavvi Dave,Lucknow,W002,W001,W003
C0017,Rachit Batra,Bangalore,W013,W014,W015
C0018,Udyati Rau,Bangalore,W013,W014,W015
C0019,Ekanta Dua,Vadodara,W005,W006,W004
C0020,Vyanjana Bains,Bhopal,W010,W011,W012
C0021,Chakradev Pillai,Jamshedpur,W012,W010,W011
C0022,Girik Nagarajan,Surat,W005,W004,W006
C0023,,Lucknow,W002,W001,W003
C0024,Neel Lall,Gwalior,W010,W011,W012
C0025,Michael Karnik,Ranchi,W012,W011,W010
C0026,Noah Sawhney,Chennai,W015,W013,W014
C0027,Ishaan Vaidya,Mysore,W013,W014,W015
C0028,Oliver Kamdar,Mumbai,W004,W005,W006
C0029,Matthew Vora,Bhopal,W010,W011,W012
C0030,Vivaan Buch,Hyderabad,W014,W013,W015
C0031,Qabil Bahl,Vadodara,W005,W006,W004
C0032,Omkaar Som,Vijayawada,W014,W015,W013
C0033,Yamini Basu,Surat,W005,W004,W006
C0034,Yadavi Tella,Dhanbad,W012,W010,W011
C0035,Dhriti Patla,Hyderabad,W014,W013,W015
C0036,Pranit Gokhale,Hyderabad,W014,W013,W015
C0037,Jonathan Vasa,Bhopal,W010,W011,W012
C0038,Niharika Saran,Noida,W002,W001,W003
C0039,Inaya Borra,Patna,W009,W007,W008
C0040,Orinder Lad,Hyderabad,W014,W013,W015
C0041,Chandani Palla,Kanpur,W002,W001,W003
C0042,Harshil Madan,Visakhapatnam,W014,W015,W013
C0043,Farhan Rai,Aurangabad,W004,W005,W006
C0044,Mugdha Edwin,Gurgaon,W003,W001,W002
C0044,Mugdha Edwin,Gurgaon,W003,W001,W002
C0045,Harini Sangha,Lucknow,W002,W001,W003
C0046,Bhavna Tata,Udaipur,W006,W005,W004
C0047,Nimrat Srinivasan,Visakhapatnam,W014,W015,W013
C0048,Andrew Keer,Jamshedpur,W012,W010,W011
C0048,Andrew Keer,Jamshedpur,W012,W010,W011
C0049,Rushil Ghosh,Bhopal,W010,W011,W012
C0050,Krishna Choudhry,Bhubaneswar,W008,W007,W009
C0051,Caleb Ahluwalia,Salem,W015,W013,W014
C0052,,Coimbatore,W015,W013,W014
C0053,Anirudh Bora,Mysore,W013,W014,W015
C0054,Sathvik Dave,Ghaziabad,W002,W001,W003
C0055,Panini Contractor,Vellore,W015,W013,W014
C0056,Aadi Naik,Noida,W002,W001,W003
C0057,Oscar Buch,Lucknow,W002,W001,W003
C0058,Ryan Ganesh,Hyderabad,W014,W013,W015
C0059,Amrita Doctor,Ahmedabad,W005,W004,W006
C0060,Warjas Rege,Mumbai,W004,W005,W006
C0061,Lipika Chowdhury,Gwalior,W010,W011,W012
C0062,Amara Sundaram,Surat,W005,W004,W006
C0063,Odika Anand,Surat,W005,W004,W006
C0064,Udyati Parmer,Jodhpur,W006,W005,W004
C0065,Nitara Bumb,Faridabad,W003,W001,W002
C0066,Kala Bansal,Bhopal,W010,W011,W012
C0067,Hemangini Din,Patna,W009,W007,W008
C0068,Nilima Dar,Gwalior,W010,W011,W012
C0069,Zashil Lala,Noida,W002,W001,W003
C0070,Suhani Sem,Thane,W004,W005,W006
C0071,Lakshmi Sur,Ranchi,W012,W011,W010
C0072,Farhan Sama,Jodhpur,W006,W005,W004
C0073,Advik Chatterjee,Jabalpur,W010,W011,W012
C0074,Inaya Bali,Coimbatore,W015,W013,W014
C0075,Hemang Thakkar,Aurangabad,W004,W005,W006
C0076,Gaurav Contractor,Thane,W004,W005,W006
C0077,Tripti Bansal,Mumbai,W004,W005,W006
C0078,Naksh Kibe,Chennai,W015,W013,W014
C0079,Jonathan Kapadia,Madurai,W015,W013,W014
C0080,Chaaya Shan,Madurai,W015,W013,W014
C0081,Qasim Padmanabhan,Thane,W004,W005,W006
C0082,Chaman Ramanathan,Lucknow,W002,W001,W003
C0083,Vihaan Bhatia,New Delhi,W001,W002,W003
C0084,Devika Khare,Thane,W004,W005,W006
C0085,Janaki Krishnan,Patna,W009,W007,W008
C0086,Vrinda Bhattacharyya,Visakhapatnam,W014,W015,W013
C0087,Gopal Chana,Vellore,W015,W013,W014
C0088,Max Mahal,Vellore,W015,W013,W014
C0089,Charan Ray,Mysore,W013,W014,W015
C0090,Ucchal Gaba,Aurangabad,W004,W005,W006
C0091,Amruta Khatri,Jaipur,W006,W005,W004
C0092,Fitan Bali,Gwalior,W010,W011,W012
C0093,Ayush Chakrabarti,Gwalior,W010,W011,W012
C0094,Darpan Natt,Bangalore,W013,W014,W015
C0095,Yashica Singh,Vadodara,W005,W006,W004
C0096,Krishna Pillai,Madurai,W015,W013,W014
C0097,Maanav Agrawal,Gwalior,W010,W011,W012
C0098,Nandini Vasa,Jodhpur,W006,W005,W004
C0099,Suhani Din,Faridabad,W003,W001,W002
C0100,Watika Dar,Surat,W005,W004,W006
C0101,Nimrat Pathak,Thane,W004,W005,W006
C0102,Hemal Narula,Salem,W015,W013,W014
C0103,Maya Basak,Jodhpur,W006,W005,W004
C0104,Tamanna Sur,New Delhi,W001,W002,W003
C0105,Vivaan Taneja,Gurgaon,W003,W001,W002
C0106,Aahana Sridhar,Jodhpur,W006,W005,W004
C0107,Ishani Radhakrishnan,Noida,W002,W001,W003
C0108,Harinakshi Bera,Pune,W004,W005,W006
C0109,Adweta Biswas,Salem,W015,W013,W014
C0110,Qushi Sama,Dhanbad,W012,W010,W011
C0111,Hiral Dugar,Jaipur,W006,W005,W004
C0112,Yashvi Borra,Thane,W004,W005,W006
C0113,Netra Goswami,Chandigarh,W003,W001,W002
C0114,Ranbir Choudhury,Hyderabad,W014,W013,W015
C0115,Ekiya Mani,Madurai,W015,W013,W014
C0116,Bhanumati Kota,Bangalore,W013,W014,W015
C0117,,Salem,W015,W013,W014
C0118,Amara Kadakia,Raipur,W011,W010,W012
C0119,Atharv Loyal,Jodhpur,W006,W005,W004
C0120,Ethan Pandya,Bangalore,W013,W014,W015
C0121,Ubika Bhardwaj,Gwalior,W010,W011,W012
C0122,Faraj Ganesan,Vellore,W015,W013,W014
C0123,Darpan Khatri,Chennai,W015,W013,W014
C0124,Jai Subramanian,Vijayawada,W014,W015,W013
C0125,Sanya Sachar,Thane,W004,W005,W006
C0126,Anya Bala,Vadodara,W005,W006,W004
C0127,Maanav Kumar,Noida,W002,W001,W003
C0128,Oliver Mander,Kanpur,W002,W001,W003
C0129,Veda Bora,Vellore,W015,W013,W014
C0130,Tanay Palan,Nagpur,W004,W005,W006
C0131,Yuvraj Kumer,Vellore,W015,W013,W014
C0132,Sneha Boase,Jodhpur,W006,W005,W004
C0133,Bishakha Sane,Jamshedpur,W012,W010,W011
C0134,Ekta Rao,Chennai,W015,W013,W014
C0135,Chanakya Saran,Visakhapatnam,W014,W015,W013
C0136,Chandresh Konda,New Delhi,W001,W002,W003
C0137,Advay Sama,Chandigarh,W003,W001,W002
C0138,Kamya Sandal,Nagpur,W004,W005,W006
C0139,Ganga Sandal,Chandigarh,W003,W001,W002
C0140,Neha Randhawa,Chennai,W015,W013,W014
C0141,Lekha Savant,Jaipur,W006,W005,W004
C0142,Pranav Sur,Kanpur,W002,W001,W003
C0143,Kritika Raja,Vellore,W015,W013,W014
C0144,Nimrat Panchal,Bangalore,W013,W014,W015
C0145,Kai Kant,Salem,W015,W013,W014
C0146,Brijesh Devi,Pune,W004,W005,W006
C0147,Lucky Bhandari,Raipur,W011,W010,W012
C0148,Eesha Mody,Chennai,W015,W013,W014
C0149,Samesh Shere,Mysore,W013,W014,W015
C0150,Abha Baria,Patna,W009,W007,W008
C0151,Edhitha Randhawa,Ranchi,W012,W011,W010
C0152,Urvi Dara,Madurai,W015,W013,W014
C0153,Ekaraj Mitra,Ranchi,W012,W011,W010
C0154,Nitesh Sule,Gwalior,W010,W011,W012
C0155,,Thane,W004,W005,W006
C0156,Owen Dass,Jodhpur,W006,W005,W004
C0157,Tarak Handa,Ahmedabad,W005,W004,W006
C0158,Nilima Mani,Salem,W015,W013,W014
C0159,Keya Doctor,Kanpur,W002,W001,W003
C0160,Advaith Bhalla,Bhubaneswar,W008,W007,W009
C0161,Urmi Ghosh,Jaipur,W006,W005,W004
C0162,Brijesh Sani,Pune,W004,W005,W006
C0163,Amrita Dewan,Nagpur,W004,W005,W006
C0164,Jonathan Ghosh,Indore,W010,W011,W012
C0165,Fariq Divan,Patna,W009,W007,W008
C0166,Krishna Jani,Chandigarh,W003,W001,W002
C0167,Triya Ramakrishnan,Surat,W005,W004,W006
C0168,Alka Deep,Mumbai,W004,W005,W006
C0169,Kashvi Varkey,Nagpur,W004,W005,W006
C0170,Sudiksha Mani,Kolkata,W007,W008,W009
C0171,Rushil Pandya,Chandigarh,W003,W001,W002
C0172,Zarna Kakar,Jabalpur,W010,W011,W012
C0173,Frado Bhargava,Jodhpur,W006,W005,W004
C0174,Aahana Chandran,Udaipur,W006,W005,W004
C0175,Wyatt Khare,Gurgaon,W003,W001,W002
C0176,Yoshita Barman,Aurangabad,W004,W005,W006
C0177,Leena Sen,Dhanbad,W012,W010,W011
C0178,Amrita Luthra,Pune,W004,W005,W006
C0179,Oni Loyal,Bangalore,W013,W014,W015
C0180,Samesh Setty,Kanpur,W002,W001,W003
C0181,Tara Wadhwa,Jodhpur,W006,W005,W004
C0182,Abha Deep,Jamshedpur,W012,W010,W011
C0183,Maanav Ravel,Bangalore,W013,W014,W015
C0184,Madhavi Sood,Kanpur,W002,W001,W003
C0185,Yagnesh Brahmbhatt,Kanpur,W002,W001,W003
C0186,Kevin Pradhan,Thane,W004,W005,W006
C0187,Dayita Muni,Jabalpur,W010,W011,W012
C0188,Farhan Yogi,Thane,W004,W005,W006
C0189,Zansi Gill,Mumbai,W004,W005,W006
C0190,Darika Mohanty,Bangalore,W013,W014,W015
C0191,Vihaan Dua,Mumbai,W004,W005,W006
C0192,Indira Sule,Hyderabad,W014,W013,W015
C0193,Vrinda Goyal,Ghaziabad,W002,W001,W003
C0194,Nimrat Doshi,Vellore,W015,W013,W014
C0194,Nimrat Doshi,Vellore,W015,W013,W014
C0195,Lohit Dey,Dhanbad,W012,W010,W011
C0196,Matthew Wali,Patna,W009,W007,W008
C0197,Harrison Raju,Coimbatore,W015,W013,W014
C0198,Yochana Rajan,Gurgaon,W003,W001,W002
C0199,Kamala Raghavan,Nagpur,W004,W005,W006
C0200,Mohini Misra,Vijayawada,W014,W015,W013
C0201,Anita Mallick,Hyderabad,W014,W013,W015
C0202,Bina Jaggi,Vellore,W015,W013,W014
C0203,Utkarsh Vohra,Surat,W005,W004,W006
C0204,Garima Nagar,Salem,W015,W013,W014
C0205,Oni Wagle,Vijayawada,W014,W015,W013
C0206,Mitali Patla,Dhanbad,W012,W010,W011
C0207,,Bhubaneswar,W008,W007,W009
C0208,Tarak Bhagat,Gurgaon,W003,W001,W002
C0209,Orinder De,Kanpur,W002,W001,W003
C0210,Teerth Chana,Faridabad,W003,W001,W002
C0211,Ekbal Bhatnagar,Ranchi,W012,W011,W010
C0212,Chandresh Andra,Jodhpur,W006,W005,W004
C0213,Warinder Rege,Jamshedpur,W012,W010,W011
C0214,Rushil Dey,Ghaziabad,W002,W001,W003
C0215,Watika Saini,Ahmedabad,W005,W004,W006
C0216,Lavanya Ravel,Gurgaon,W003,W001,W002
C0217,Lekha Nazareth,Patna,W009,W007,W008
C0218,Faraj Chaudhuri,Mysore,W013,W014,W015
C0219,Onkar Choudhury,Madurai,W015,W013,W014
C0220,Krishna Naidu,Mumbai,W004,W005,W006
C0221,Oeshi Khare,Ghaziabad,W002,W001,W003
C0222,Advika Minhas,Jabalpur,W010,W011,W012
C0223,Bishakha Kar,Vellore,W015,W013,W014
C0224,Vinaya Sarraf,Surat,W005,W004,W006
C0225,Falguni Barman,Bhubaneswar,W008,W007,W009
C0226,Banjeet Deshmukh,Thane,W004,W005,W006
C0227,Rohan Bora,Mumbai,W004,W005,W006
C0228,Mitali Dash,Thane,W004,W005,W006
C0229,Aashi Agate,Pune,W004,W005,W006
C0230,Baljiwan Thakur,Ghaziabad,W002,W001,W003
C0231,Naksh Lanka,Udaipur,W006,W005,W004
C0232,Aishani Saraf,Ghaziabad,W002,W001,W003
C0233,Anita Gulati,Surat,W005,W004,W006
C0234,Yashica Madan,Mumbai,W004,W005,W006
C0235,Omya Swaminathan,Surat,W005,W004,W006
C0236,Arin Dugar,New Delhi,W001,W002,W003
C0237,Dipta Raja,Lucknow,W002,W001,W003
C0238,Jasmit Swaminathan,Bhopal,W010,W011,W012
C0239,Oeshi Zacharia,Lucknow,W002,W001,W003
C0240,Ekaraj Chand,Chandigarh,W003,W001,W002
C0241,Vasudha Varma,Jodhpur,W006,W005,W004
C0242,Yoshita Natt,Chennai,W015,W013,W014
C0243,Tanvi Hans,Faridabad,W003,W001,W002
C0244,Harshil Kulkarni,Raipur,W011,W010,W012
C0245,Akshay Bala,Surat,W005,W004,W006
C0246,Ishaan Ganesh,Ahmedabad,W005,W004,W006
C0247,Kashvi Dixit,Mumbai,W004,W005,W006
C0248,Triya Vohra,Jodhpur,W006,W005,W004
C0249,Udyati Gara,Bhubaneswar,W008,W007,W009
C0250,Amaira Bhandari,Pune,W004,W005,W006
C0251,Charita Tripathi,Vadodara,W005,W006,W004
C0252,Rachit Ramesh,Dhanbad,W012,W010,W011
C0253,,Jabalpur,W010,W011,W012
C0254,Kevin Chacko,Gurgaon,W003,W001,W002
C0255,Udant Bora,Jaipur,W006,W005,W004
C0256,Samuel Reddy,Surat,W005,W004,W006
C0257,Gautami Dugal,Ghaziabad,W002,W001,W003
C0258,Anita Kunda,Udaipur,W006,W005,W004
C0259,Wridesh Tata,Jaipur,W006,W005,W004
C0260,Ayush Vyas,Jamshedpur,W012,W010,W011
C0261,Shaurya Krish,Bhopal,W010,W011,W012
C0262,Divya Nath,Indore,W010,W011,W012
C0263,Jackson Bhavsar,Visakhapatnam,W014,W015,W013
C0264,Aradhana Chaudhary,Madurai,W015,W013,W014
C0265,Anika Setty,Faridabad,W003,W001,W002
C0266,Dayita Bakshi,Udaipur,W006,W005,W004
C0267,Abeer Vaidya,Dhanbad,W012,W010,W011
C0268,Arin Kadakia,Vijayawada,W014,W015,W013
C0269,Girish Dara,Jaipur,W006,W005,W004
C0270,Jatin Karnik,Lucknow,W002,W001,W003
C0271,Bakhshi Dhaliwal,Dhanbad,W012,W010,W011
C0272,Warda Anand,Vijayawada,W014,W015,W013
C0273,Aarini Saxena,Mysore,W013,W014,W015
C0274,Samuel Agate,Faridabad,W003,W001,W002
C0275,Ishwar Talwar,Jaipur,W006,W005,W004
C0276,Maanas Babu,Lucknow,W002,W001,W003
C0277,Chaman Yadav,New Delhi,W001,W002,W003
C0278,Ishanvi Korpal,New Delhi,W001,W002,W003
C0279,Jairaj Thakkar,Aurangabad,W004,W005,W006
C0280,Rohan Kurian,Ranchi,W012,W011,W010
C0281,Ridhi Bandi,Ahmedabad,W005,W004,W006
C0282,Dominic Chakraborty,Indore,W010,W011,W012
C0283,Ira Minhas,New Delhi,W001,W002,W003
C0284,Harrison Memon,Nagpur,W004,W005,W006
C0285,Bhanumati Amble,Thane,W004,W005,W006
C0286,Ikshita Dhillon,Lucknow,W002,W001,W003
C0287,Reyansh Naik,Jodhpur,W006,W005,W004
C0288,Zashil Dey,Chennai,W015,W013,W014
C0289,Falak Bose,Hyderabad,W014,W013,W015
C0290,Ridhi Shukla,Thane,W004,W005,W006
C0291,Jeevika Dayal,Jabalpur,W010,W011,W012
C0292,Orinder Keer,Jodhpur,W006,W005,W004
C0293,Alexander Khare,Bhopal,W010,W011,W012
C0294,Vyanjana Talwar,Ghaziabad,W002,W001,W003
C0295,Kalpit Radhakrishnan,Hyderabad,W014,W013,W015
C0296,Rayaan Raja,Ghaziabad,W002,W001,W003
C0297,,Faridabad,W003,W001,W002
C0298,Bhavani Jayaraman,Jamshedpur,W012,W010,W011
C0299,Odika Dhar,Madurai,W015,W013,W014
C0300,Gopal Tara,Salem,W015,W013,W014
C0301,Neelima Bose,Bhopal,W010,W011,W012
C0302,Peter Bala,Ranchi,W012,W011,W010
C0303,Vyanjana Nagi,Madurai,W015,W013,W014
C0304,Nihal Pradhan,Vadodara,W005,W006,W004
C0305,Ekalinga Kalita,Salem,W015,W013,W014
C0306,Deepa Nayar,Bhubaneswar,W008,W007,W009
C0307,Arunima Bava,Visakhapatnam,W014,W015,W013
C0308,Januja Karnik,Visakhapatnam,W014,W015,W013
C0309,Watika Jhaveri,Gurgaon,W003,W001,W002
C0310,Azad Dugar,Noida,W002,W001,W003
C0311,Nachiket Sahni,Vijayawada,W014,W015,W013
C0312,Nicholas Char,Faridabad,W003,W001,W002
C0313,Fitan Chad,Visakhapatnam,W014,W015,W013
C0314,Tanish Badal,Bhubaneswar,W008,W007,W009
C0315,Sanya Goel,Raipur,W011,W010,W012
C0316,Libni Luthra,Chennai,W015,W013,W014
C0317,Zilmil Jani,Pune,W004,W005,W006
C0318,Madhavi Parmer,Vijayawada,W014,W015,W013
C0318,Madhavi Parmer,Vijayawada,W014,W015,W013
C0319,,Nagpur,W004,W005,W006
C0320,Urmi Kaul,Chennai,W015,W013,W014
C0321,Naveen Vasa,Jodhpur,W006,W005,W004
C0322,Ojasvi Datta,Patna,W009,W007,W008
C0323,Amol Shenoy,Coimbatore,W015,W013,W014
C0324,Chandran Lanka,Aurangabad,W004,W005,W006
C0325,Osha Chhabra,Raipur,W011,W010,W012
C0326,Shravya Kalita,Bhubaneswar,W008,W007,W009
C0327,Samarth Chada,Visakhapatnam,W014,W015,W013
C0328,Christopher Mutti,Bhubaneswar,W008,W007,W009
C0329,Varsha Nanda,Raipur,W011,W010,W012
C0329,Varsha Nanda,Raipur,W011,W010,W012
C0330,Saksham Rege,Ahmedabad,W005,W004,W006
C0331,Anamika Doshi,Raipur,W011,W010,W012
C0331,Anamika Doshi,Raipur,W011,W010,W012
C0332,Lajita Bail,New Delhi,W001,W002,W003
C0333,Liam Borde,Salem,W015,W013,W014
C0334,Lopa Zacharia,Noida,W002,W001,W003
C0335,Victor Dhar,Coimbatore,W015,W013,W014
C0336,Bakhshi Bhasin,Gwalior,W010,W011,W012
C0337,Balhaar Apte,Raipur,W011,W010,W012
C0338,Jason Patla,Ranchi,W012,W011,W010
C0339,Jackson Sodhi,Thane,W004,W005,W006
C0340,Xiti Kari,Vellore,W015,W013,W014
C0341,Ayush Yohannan,Bhubaneswar,W008,W007,W009
C0342,Tristan Dayal,Bhopal,W010,W011,W012
C0343,Peter Mody,Bangalore,W013,W014,W015
C0344,Varenya Cherian,Thane,W004,W005,W006
C0345,Lakshmi Lata,Jabalpur,W010,W011,W012
C0346,Vasana Dayal,Kanpur,W002,W001,W003
C0347,Avi Ganguly,Faridabad,W003,W001,W002
C0348,Victor Arora,Udaipur,W006,W005,W004
C0349,Ranveer Roy,Bangalore,W013,W014,W015
C0350,Ladli Sharma,Bhopal,W010,W011,W012
C0351,Chakrika Johal,Ghaziabad,W002,W001,W003
C0352,Mugdha Agrawal,Kanpur,W002,W001,W003
C0353,Oscar Balan,Ghaziabad,W002,W001,W003
C0354,Chakradhar Luthra,Visakhapatnam,W014,W015,W013
C0355,Neelima Murty,Nagpur,W004,W005,W006
C0356,Faras Kakar,Surat,W005,W004,W006
C0357,Tara Nanda,Nagpur,W004,W005,W006
C0358,Udyati Parmar,Vijayawada,W014,W015,W013
C0359,Anthony Ramesh,Ranchi,W012,W011,W010
C0360,Chakradhar Sama,Madurai,W015,W013,W014
C0361,Dayamai Rege,Vadodara,W005,W006,W004
C0362,Elijah Kuruvilla,Jabalpur,W010,W011,W012
C0363,Nisha Tella,Ghaziabad,W002,W001,W003
C0364,,Jabalpur,W010,W011,W012
C0365,Hema Khurana,Noida,W002,W001,W003
C0366,Adweta Sengupta,Jamshedpur,W012,W010,W011
C0367,Michael Patel,Udaipur,W006,W005,W004
C0368,Triveni Tank,Ahmedabad,W005,W004,W006
C0369,Yamini Char,Noida,W002,W001,W003
C0370,Arunima Sankar,Gwalior,W010,W011,W012
C0371,Saanvi Gour,Indore,W010,W011,W012
C0372,Bhavna Singhal,Mumbai,W004,W005,W006
C0373,Yachana Kadakia,Madurai,W015,W013,W014
C0374,Divya Kala,Dhanbad,W012,W010,W011
C0375,Alexander Varughese,Visakhapatnam,W014,W015,W013
C0375,Alexander Varughese,Visakhapatnam,W014,W015,W013
C0376,Harsh Kurian,Thane,W004,W005,W006
C0377,Balhaar Bhalla,New Delhi,W001,W002,W003
C0378,Lavanya Madan,Indore,W010,W011,W012
C0379,Ayush Devan,Dhanbad,W012,W010,W011
C0380,Tanay Malhotra,Vijayawada,W014,W015,W013
C0381,Tanveer Banik,Coimbatore,W015,W013,W014
C0382,Tripti Palan,Ranchi,W012,W011,W010
C0383,Aayush Narayanan,Jamshedpur,W012,W010,W011
C0384,Saanvi Taneja,Dhanbad,W012,W010,W011
C0385,Vinaya Wable,Ahmedabad,W005,W004,W006
C0386,Ethan Kunda,Jamshedpur,W012,W010,W011
C0387,Atharv Mani,Chennai,W015,W013,W014
C0388,Samaksh Dua,Bhubaneswar,W008,W007,W009
C0389,Kavya Misra,Bhubaneswar,W008,W007,W009
C0390,Jackson Pingle,Raipur,W011,W010,W012
C0391,Kevin Nori,Jamshedpur,W012,W010,W011
C0392,Triya Ahuja,Pune,W004,W005,W006
C0393,Abeer Nath,Bangalore,W013,W014,W015
C0394,Arunima Khatri,Ahmedabad,W005,W004,W006
C0395,Yagnesh Shanker,Jabalpur,W010,W011,W012
C0396,Bhavya Swamy,Bangalore,W013,W014,W015
C0397,Triveni Narasimhan,Faridabad,W003,W001,W002
C0398,Zaid Varughese,Ahmedabad,W005,W004,W006
C0399,Dayita Patel,Ahmedabad,W005,W004,W006
C0399,Dayita Patel,Ahmedabad,W005,W004,W006
C0400,Lucky Date,Dhanbad,W012,W010,W011
C0401,Nathan Shetty,Bangalore,W013,W014,W015
C0402,Saksham Malhotra,Udaipur,W006,W005,W004
C0403,Hema Chaudhuri,Madurai,W015,W013,W014
C0404,Anusha Seshadri,Surat,W005,W004,W006
C0405,Jairaj Bajwa,Gwalior,W010,W011,W012
C0406,Janaki Bawa,Jodhpur,W006,W005,W004
C0407,Wishi Dubey,Vijayawada,W014,W015,W013
C0408,Gabriel Vala,Bangalore,W013,W014,W015
C0409,Ekanta Dasgupta,Ranchi,W012,W011,W010
C0410,Jacob Nadig,Jamshedpur,W012,W010,W011
C0411,,Udaipur,W006,W005,W004
C0412,Advika Tripathi,Gwalior,W010,W011,W012
C0413,Mohammed Kaur,Ahmedabad,W005,W004,W006
C0414,Jack Kata,Mysore,W013,W014,W015
C0415,Lavanya Gaba,Jabalpur,W010,W011,W012
C0416,Ganga Chawla,Hyderabad,W014,W013,W015
C0417,Utkarsh Thaker,Ahmedabad,W005,W004,W006
C0418,Abhimanyu Doshi,Faridabad,W003,W001,W002
C0419,Darpan Gour,Mumbai,W004,W005,W006
C0420,Hamsini Mital,Jodhpur,W006,W005,W004
C0421,Zaitra Jain,Raipur,W011,W010,W012
C0422,Ojas Bala,Nagpur,W004,W005,W006
C0423,Warjas Verma,Jodhpur,W006,W005,W004
C0424,Chakradhar Sheth,Vijayawada,W014,W015,W013
C0425,Chandresh Devi,Chennai,W015,W013,W014
C0426,Nakul Yadav,Vijayawada,W014,W015,W013
C0427,Dominic Vasa,Chandigarh,W003,W001,W002
C0428,Anmol Anne,Bangalore,W013,W014,W015
C0429,Azaan Hayer,Patna,W009,W007,W008
C0430,Upasna Chander,Mumbai,W004,W005,W006
C0431,Rajeshri Varty,Dhanbad,W012,W010,W011
C0432,Veda Choudhry,Udaipur,W006,W005,W004
C0433,Ayush Bhat,Surat,W005,W004,W006
C0434,Deepa Gulati,Jamshedpur,W012,W010,W011
C0435,Devansh Bala,Patna,W009,W007,W008
C0436,Eesha Ramachandran,Kanpur,W002,W001,W003
C0437,Pavani Banik,Kolkata,W007,W008,W009
C0438,Hemal Rana,Madurai,W015,W013,W014
C0439,Ekansh Parmar,Chandigarh,W003,W001,W002
C0440,Karan Apte,Udaipur,W006,W005,W004
C0441,,Dhanbad,W012,W010,W011
C0442,Panini Ghosh,Indore,W010,W011,W012
C0443,Chandresh Khare,Ranchi,W012,W011,W010
C0444,Timothy Kumar,Chandigarh,W003,W001,W002
C0445,George Samra,Vellore,W015,W013,W014
C0446,Sachi Bhandari,Mysore,W013,W014,W015
C0447,Lakshmi Khatri,Bangalore,W013,W014,W015
C0448,Arunima Nadig,Lucknow,W002,W001,W003
C0449,Indali Keer,Kolkata,W007,W008,W009
C0450,Chaitaly Trivedi,Gwalior,W010,W011,W012
C0451,Yoshita Tandon,Hyderabad,W014,W013,W015
C0452,Anvi Chadha,Gwalior,W010,W011,W012
C0453,Bhanumati Shetty,Aurangabad,W004,W005,W006
C0454,Ria Dhar,Coimbatore,W015,W013,W014
C0455,Onveer Kanda,Jodhpur,W006,W005,W004
C0456,Fariq Som,Coimbatore,W015,W013,W014
C0457,Ekani Sundaram,Jaipur,W006,W005,W004
C0458,Ekta Bawa,Surat,W005,W004,W006
C0459,Sneha Savant,Jaipur,W006,W005,W004
C0460,Balendra Natt,Gwalior,W010,W011,W012
C0461,Wishi Chaudhary,Jamshedpur,W012,W010,W011
C0462,George Chanda,Hyderabad,W014,W013,W015
C0463,Vasatika Taneja,Noida,W002,W001,W003
C0464,Jason Doshi,Bangalore,W013,W014,W015
C0465,Jairaj Pall,Coimbatore,W015,W013,W014
C0466,Lajita Chandran,Ranchi,W012,W011,W010
C0467,Jeremiah Verma,Kolkata,W007,W008,W009
C0468,Charita Cherian,Bhubaneswar,W008,W007,W009
C0469,,Vadodara,W005,W006,W004
C0470,Ojas Pai,Madurai,W015,W013,W014
C0471,Vihaan Khatri,Dhanbad,W012,W010,W011
C0472,Megha Iyengar,New Delhi,W001,W002,W003
C0473,Wridesh Dani,Coimbatore,W015,W013,W014
C0474,Christopher Arya,Kolkata,W007,W008,W009
C0475,Vedant Sodhi,Jodhpur,W006,W005,W004
C0476,Indali Bhagat,Patna,W009,W007,W008
C0477,Aachal Tata,Vellore,W015,W013,W014
C0478,Atharv Munshi,Ranchi,W012,W011,W010
C0479,Advaith Loke,Indore,W010,W011,W012
C0480,Aachal Vaidya,Jamshedpur,W012,W010,W011
C0481,Kashvi Chaudhari,Hyderabad,W014,W013,W015
C0482,Shravya Sachdev,Kolkata,W007,W008,W009
C0483,Vasana Balakrishnan,Chandigarh,W003,W001,W002
C0484,Naksh Viswanathan,Vellore,W015,W013,W014
C0485,Jack Butala,Vadodara,W005,W006,W004
C0486,Manthan Buch,Pune,W004,W005,W006
C0487,Chameli Madan,Bhopal,W010,W011,W012
C0488,Vedant Kanda,Patna,W009,W007,W008
C0489,Jacob Mukhopadhyay,Vellore,W015,W013,W014
C0490,Sudiksha Kaul,Indore,W010,W011,W012
C0491,Finn Lanka,Gwalior,W010,W011,W012
C0492,Rayaan Thakkar,Visakhapatnam,W014,W015,W013
C0493,Pranav Barad,Ranchi,W012,W011,W010
C0494,Madhav Buch,Surat,W005,W004,W006
C0495,Jairaj Sridhar,Chandigarh,W003,W001,W002
C0496,Ucchal Bahri,Chandigarh,W003,W001,W002
C0497,Isaac Kibe,Lucknow,W002,W001,W003
C0498,Chandran Sehgal,Jabalpur,W010,W011,W012
C0499,Ojas Prabhu,Surat,W005,W004,W006
C0500,Sathvik Palla,Mumbai,W004,W005,W006
C0501,Joshua Banik,Lucknow,W002,W001,W003
C0502,Elijah Rege,Lucknow,W002,W001,W003
C0503,Bina Raman,Aurangabad,W004,W005,W006
C0504,Ranveer Chanda,Pune,W004,W005,W006
C0505,Ijaya Gade,Gwalior,W010,W011,W012
C0506,Teerth Mukherjee,Udaipur,W006,W005,W004
C0507,Jack Ahluwalia,Kanpur,W002,W001,W003
C0508,Aarush Kalita,Ranchi,W012,W011,W010
C0509,,Lucknow,W002,W001,W003
C0510,Owen Singh,Pune,W004,W005,W006
C0511,Ikbal Raja,Indore,W010,W011,W012
C0512,Joshua Prabhakar,Faridabad,W003,W001,W002
C0513,Netra Swaminathan,Pune,W004,W005,W006
C0514,Bhavna Dugar,Coimbatore,W015,W013,W014
C0515,Zinal Batta,Vellore,W015,W013,W014
C0516,Lavanya Dayal,Surat,W005,W004,W006
C0517,Ayaan Deshpande,Visakhapatnam,W014,W015,W013
C0518,Varenya Malhotra,Gurgaon,W003,W001,W002
C0519,Saanvi Goel,Nagpur,W004,W005,W006
C0520,Frederick Roy,Jabalpur,W010,W011,W012
C0521,Thomas Chawla,Patna,W009,W007,W008
C0522,Chandresh Cheema,Aurangabad,W004,W005,W006
C0523,Aarush Dhawan,Kanpur,W002,W001,W003
C0524,Damini Baral,Kolkata,W007,W008,W009
C0525,Ladli Biswas,Jaipur,W006,W005,W004
C0526,Michael Kade,Jodhpur,W006,W005,W004
C0527,Manya Kala,Aurangabad,W004,W005,W006
C0528,Zilmil Comar,Gurgaon,W003,W001,W002
C0529,Imaran Yogi,Raipur,W011,W010,W012
C0530,Om Kale,Bangalore,W013,W014,W015
C0531,Barkha Krishnan,Jamshedpur,W012,W010,W011
C0532,Yug Prasad,Indore,W010,W011,W012
C0533,,Jodhpur,W006,W005,W004
C0534,Elijah Singh,Raipur,W011,W010,W012
C0535,Mohini Karnik,Chennai,W015,W013,W014
C0536,Tristan Kala,Visakhapatnam,W014,W015,W013
C0537,Vedhika Mahajan,Coimbatore,W015,W013,W014
C0538,Geetika Ravel,Jaipur,W006,W005,W004
C0539,Harinakshi Yogi,Chennai,W015,W013,W014
C0540,Rayaan Saini,Salem,W015,W013,W014
C0541,Alka Bala,Patna,W009,W007,W008
C0542,Lakshmi Doshi,Mysore,W013,W014,W015
C0543,Raghav Dora,Vijayawada,W014,W015,W013
C0544,Chanakya Atwal,Patna,W009,W007,W008
C0545,,Bangalore,W013,W014,W015
C0546,Quincy Bera,Madurai,W015,W013,W014
C0547,Chameli Rout,Mysore,W013,W014,W015
C0548,Jason Mangat,Aurangabad,W004,W005,W006
C0549,Abeer Grover,Bangalore,W013,W014,W015
C0550,Upadhriti Ben,Mumbai,W004,W005,W006
C0551,Shivani Golla,Bangalore,W013,W014,W015
C0551,Shivani Golla,Bangalore,W013,W014,W015
C0552,Nitara Iyengar,Thane,W004,W005,W006
C0553,Fiyaz Ahuja,Lucknow,W002,W001,W003
C0554,Saanvi Bhargava,Ghaziabad,W002,W001,W003
C0555,Faris Srinivasan,Jodhpur,W006,W005,W004
C0556,Yochana Tailor,Hyderabad,W014,W013,W015
C0557,Jatin Shroff,Lucknow,W002,W001,W003
C0558,Lipika Subramanian,Vijayawada,W014,W015,W013
C0559,Wahab Sandhu,Bangalore,W013,W014,W015
C0560,Laban Kumer,Bhubaneswar,W008,W007,W009
C0561,Shivansh Rai,Ahmedabad,W005,W004,W006
C0562,Pranit Krishnamurthy,Ahmedabad,W005,W004,W006
C0563,Hema Pau,Dhanbad,W012,W010,W011
C0563,Hema Pau,Dhanbad,W012,W010,W011
C0564,Wyatt Bahri,Ghaziabad,W002,W001,W003
C0565,Wridesh Bala,Aurangabad,W004,W005,W006
C0566,Anay Pillay,Mumbai,W004,W005,W006
C0567,Varenya Raman,Jabalpur,W010,W011,W012
C0568,Yadavi Shan,Vijayawada,W014,W015,W013
C0569,Veda Garg,Pune,W004,W005,W006
C0570,Hamsini Kumar,Vijayawada,W014,W015,W013
C0571,,Coimbatore,W015,W013,W014
C0572,Arya Doshi,Ghaziabad,W002,W001,W003
C0573,Isaac Sodhi,Bangalore,W013,W014,W015
C0574,Pallavi Sharma,Thane,W004,W005,W006
C0575,Patrick Sampath,Indore,W010,W011,W012
C0576,Varenya Prasad,Bhopal,W010,W011,W012
C0577,Aayush Loyal,Bhubaneswar,W008,W007,W009
C0578,Samuel Jani,Mumbai,W004,W005,W006
C0579,Elijah Babu,Faridabad,W003,W001,W002
C0580,Fitan Ganesan,Bangalore,W013,W014,W015
C0581,Bhavani Nath,Aurangabad,W004,W005,W006
C0582,Xavier Manda,Bhubaneswar,W008,W007,W009
C0583,Oeshi Subramanian,Kolkata,W007,W008,W009
C0584,Sanya Shah,Mysore,W013,W014,W015
C0585,Arjun Ratti,Ghaziabad,W002,W001,W003
C0586,Aachal Das,Ranchi,W012,W011,W010
C0587,Bhavya Comar,Madurai,W015,W013,W014
C0588,Mohini Sridhar,Gurgaon,W003,W001,W002
C0589,Dhruv Kothari,Ahmedabad,W005,W004,W006
C0590,Bishakha Oommen,Madurai,W015,W013,W014
C0591,Niharika Mohan,Chennai,W015,W013,W014
C0592,Mitesh Hayre,Salem,W015,W013,W014
C0593,Advik Lata,Patna,W009,W007,W008
C0594,Zayan Mistry,Vellore,W015,W013,W014
C0595,Kamya Mukhopadhyay,Kanpur,W002,W001,W003
C0596,Ijaya Dutta,Bhubaneswar,W008,W007,W009
C0597,Chatresh Varghese,Jodhpur,W006,W005,W004
C0598,Vyanjana Kalita,Kolkata,W007,W008,W009
C0599,Arunima Varghese,Coimbatore,W015,W013,W014
C0600,Luke Kala,Gurgaon,W003,W001,W002
C0601,Abdul Khatri,Vellore,W015,W013,W014
C0602,Anjali Gade,Dhanbad,W012,W010,W011
C0603,Jackson Sengupta,Madurai,W015,W013,W014
C0604,Kalpit Muni,Pune,W004,W005,W006
C0605,Pahal Chaudhary,Chennai,W015,W013,W014
C0606,Benjamin Lad,Thane,W004,W005,W006
C0607,Mitesh Palla,Nagpur,W004,W005,W006
C0608,Ridhi Dugal,Udaipur,W006,W005,W004
C0609,Quincy Sahota,Kolkata,W007,W008,W009
C0610,Ayush Hans,Gwalior,W010,W011,W012
C0611,Warjas Saxena,Jamshedpur,W012,W010,W011
C0612,Varenya Guha,Thane,W004,W005,W006
C0613,Zarna Sama,Chandigarh,W003,W001,W002
C0614,Vedant Biswas,Visakhapatnam,W014,W015,W013
C0615,Noah Sood,Mysore,W013,W014,W015
C0616,Maya Raghavan,Udaipur,W006,W005,W004
C0617,Lakshit Tella,Dhanbad,W012,W010,W011
C0618,Baljiwan Goyal,Pune,W004,W005,W006
C0619,Bishakha Rattan,Aurangabad,W004,W005,W006
C0620,Kashish Sule,Jodhpur,W006,W005,W004
C0621,William Minhas,Bhubaneswar,W008,W007,W009
C0622,Girish Ghose,Mumbai,W004,W005,W006
C0623,Girik Magar,Jodhpur,W006,W005,W004
C0624,Gautami Lad,Bhopal,W010,W011,W012
C0625,Adweta Srivastava,Vellore,W015,W013,W014
C0626,Yashasvi Ratta,Gwalior,W010,W011,W012
C0627,Arin Banik,Vadodara,W005,W006,W004
C0628,Laban Gupta,Thane,W004,W005,W006
C0629,Anjali Arora,Visakhapatnam,W014,W015,W013
C0630,Anay Raval,Gurgaon,W003,W001,W002
C0631,Bhanumati Purohit,Mysore,W013,W014,W015
C0632,Tarak Master,Surat,W005,W004,W006
C0633,Aadi Shanker,Bhubaneswar,W008,W007,W009
C0634,Ojasvi Mistry,Dhanbad,W012,W010,W011
C0635,Gautami Sood,Indore,W010,W011,W012
C0636,Raagini Manne,Dhanbad,W012,W010,W011
C0637,Owen Munshi,Coimbatore,W015,W013,W014
C0638,Pratyush Samra,Gurgaon,W003,W001,W002
C0639,Abdul Chanda,Hyderabad,W014,W013,W015
C0640,Madhavi Lal,Coimbatore,W015,W013,W014
C0641,Jack Sane,Kolkata,W007,W008,W009
C0642,Ekaja Sahni,Kanpur,W002,W001,W003
C0643,Fiyaz Mohan,Udaipur,W006,W005,W004
C0644,Tamanna Chaudhari,Visakhapatnam,W014,W015,W013
C0645,Aadhya Bhagat,Noida,W002,W001,W003
C0646,Andrew Chakraborty,Bhubaneswar,W008,W007,W009
C0647,Chandresh Walia,Kolkata,W007,W008,W009
C0648,Neel Pal,Chennai,W015,W013,W014
C0649,Teerth Gara,Kolkata,W007,W008,W009
C0650,Mugdha Kadakia,Pune,W004,W005,W006
C0651,Oni Dutt,Udaipur,W006,W005,W004
C0652,,Ahmedabad,W005,W004,W006
C0653,Sai Ganguly,Chennai,W015,W013,W014
C0654,Sai Kadakia,Pune,W004,W005,W006
C0655,Daksh Barman,New Delhi,W001,W002,W003
C0656,Veer Kapur,Nagpur,W004,W005,W006
C0657,Nicholas Chopra,Madurai,W015,W013,W014
C0658,Nitara Kohli,Faridabad,W003,W001,W002
C0659,Abha Bhatt,Ahmedabad,W005,W004,W006
C0660,Urvi Manda,Madurai,W015,W013,W014
C0661,Noah Dhar,Chandigarh,W003,W001,W002
C0662,Oscar Dara,New Delhi,W001,W002,W003
C0663,Kamya Oommen,Dhanbad,W012,W010,W011
C0664,Maanav Mohan,Jodhpur,W006,W005,W004
C0665,Kala Bir,Bhopal,W010,W011,W012
C0666,Charan Mani,Mysore,W013,W014,W015
C0667,Udant Banerjee,Hyderabad,W014,W013,W015
C0668,Raghav Chopra,Dhanbad,W012,W010,W011
C0669,Frado Varty,Chandigarh,W003,W001,W002
C0670,Jyoti Mittal,Vadodara,W005,W006,W004
C0671,Nilima Zacharia,Kolkata,W007,W008,W009
C0672,Nisha Tak,Gwalior,W010,W011,W012
C0673,Arjun Zachariah,Gwalior,W010,W011,W012
C0674,Warinder Roy,Bangalore,W013,W014,W015
C0675,Ojasvi Menon,Gwalior,W010,W011,W012
C0676,Vincent Setty,Jamshedpur,W012,W010,W011
C0677,Oeshi Chawla,Dhanbad,W012,W010,W011
C0678,Tejas Pant,Jodhpur,W006,W005,W004
C0679,Charan Barad,Ahmedabad,W005,W004,W006
C0680,Rudra Shukla,Ghaziabad,W002,W001,W003
C0681,Raksha Ramachandran,Bhopal,W010,W011,W012
C0682,Nathan Shah,Kolkata,W007,W008,W009
C0683,Amruta Soni,Bangalore,W013,W014,W015
C0684,Amol Hans,Madurai,W015,W013,W014
C0685,Anya Chhabra,Vellore,W015,W013,W014
C0686,Shivansh Rao,Thane,W004,W005,W006
C0687,Nisha Chandran,Bhopal,W010,W011,W012
C0688,Pooja Chakraborty,Faridabad,W003,W001,W002
C0689,Nicholas Chatterjee,Bhopal,W010,W011,W012
C0690,Upadhriti Jani,Patna,W009,W007,W008
C0691,Ikshita Jaggi,Kanpur,W002,W001,W003
C0692,,Coimbatore,W015,W013,W014
C0693,Om Wason,Jamshedpur,W012,W010,W011
C0694,Leela Issac,Nagpur,W004,W005,W006
C0695,Kavya Virk,Thane,W004,W005,W006
C0696,Andrew Sawhney,Nagpur,W004,W005,W006
C0697,Urmi Kamdar,Kolkata,W007,W008,W009
C0698,Xavier Muni,Salem,W015,W013,W014
C0699,Omisha Narain,Visakhapatnam,W014,W015,W013
C0700,Anya Bala,Gwalior,W010,W011,W012
C0701,Lohit Menon,Coimbatore,W015,W013,W014
C0702,Azad Patil,Vijayawada,W014,W015,W013
C0703,Chaaya Issac,Bhopal,W010,W011,W012
C0703,Chaaya Issac,Bhopal,W010,W011,W012
C0704,Pushti Cheema,Pune,W004,W005,W006
C0705,Barkha Ravi,Aurangabad,W004,W005,W006
C0706,Xavier Randhawa,Bhopal,W010,W011,W012
C0707,Noah Bhavsar,Patna,W009,W007,W008
C0708,Zaitra Mital,Ahmedabad,W005,W004,W006
C0709,Kashvi Ramaswamy,Indore,W010,W011,W012
C0710,Banjeet Korpal,Jaipur,W006,W005,W004
C0711,Suhani Srinivasan,Indore,W010,W011,W012
C0712,Anirudh Parmar,Nagpur,W004,W005,W006
C0713,Anvi Madan,Lucknow,W002,W001,W003
C0714,Gavin Kalita,Jodhpur,W006,W005,W004
C0715,Amruta Murty,Vijayawada,W014,W015,W013
C0716,Vihaan Tandon,Gurgaon,W003,W001,W002
C0717,Gabriel Ramakrishnan,Noida,W002,W001,W003
C0717,Gabriel Ramakrishnan,Noida,W002,W001,W003
C0718,Baghyawati Nath,Thane,W004,W005,W006
C0719,Ekansh Setty,Salem,W015,W013,W014
C0720,Ekaraj Raval,Kanpur,W002,W001,W003
C0721,Nidhi Chakrabarti,Aurangabad,W004,W005,W006
C0722,Yadavi Merchant,Noida,W002,W001,W003
C0722,Yadavi Merchant,Noida,W002,W001,W003
C0723,Nicholas Magar,Aurangabad,W004,W005,W006
C0724,Charan Kumer,Nagpur,W004,W005,W006
C0725,Meghana Chakraborty,Gurgaon,W003,W001,W002
C0726,Elijah Raval,Ahmedabad,W005,W004,W006
C0727,Dev Kala,Bhopal,W010,W011,W012
C0728,Mugdha Sahota,Udaipur,W006,W005,W004
C0729,Rehaan Barad,Udaipur,W006,W005,W004
C0730,Vaishnavi Brar,New Delhi,W001,W002,W003
C0731,Anjali Tripathi,Raipur,W011,W010,W012
C0732,Rehaan Karnik,Bhubaneswar,W008,W007,W009
C0733,,Salem,W015,W013,W014
C0734,Yatan Basak,Faridabad,W003,W001,W002
C0735,Prisha Ranganathan,Surat,W005,W004,W006
C0736,Anya Naidu,Kolkata,W007,W008,W009
C0737,Anika Pai,Mumbai,W004,W005,W006
C0738,Jackson Chanda,Faridabad,W003,W001,W002
C0739,Gavin Sant,Jodhpur,W006,W005,W004
C0739,Gavin Sant,Jodhpur,W006,W005,W004
C0740,Avni Sarin,Coimbatore,W015,W013,W014
C0741,Hemangini Keer,Chennai,W015,W013,W014
C0742,Frado Dugal,Coimbatore,W015,W013,W014
C0743,Finn Dara,Jodhpur,W006,W005,W004
C0744,Fitan Mishra,Coimbatore,W015,W013,W014
C0745,Hemang Dutt,Hyderabad,W014,W013,W015
C0746,Yutika Palla,Coimbatore,W015,W013,W014
C0747,Wahab Ghosh,Aurangabad,W004,W005,W006
C0748,Yoshita Vasa,Kanpur,W002,W001,W003
C0749,Agastya Shroff,Madurai,W015,W013,W014
C0750,,Jaipur,W006,W005,W004
C0751,Christopher Lal,Thane,W004,W005,W006
C0752,Nimrat Kapur,Dhanbad,W012,W010,W011
C0753,Amara Varughese,Madurai,W015,W013,W014
C0754,Charita Divan,Chandigarh,W003,W001,W002
C0755,Champak Thakur,Mumbai,W004,W005,W006
C0756,Zayan Madan,Patna,W009,W007,W008
C0757,Laban Palla,Indore,W010,W011,W012
C0758,Veda Chada,Dhanbad,W012,W010,W011
C0759,Utkarsh Vasa,Dhanbad,W012,W010,W011
C0760,Krishna Mall,Madurai,W015,W013,W014
C0761,Tara Mahajan,Noida,W002,W001,W003
C0762,Wazir Chanda,Raipur,W011,W010,W012
C0763,Chakrika Sama,Jaipur,W006,W005,W004
C0764,Anvi Garg,Jabalpur,W010,W011,W012
C0765,Girik Luthra,Pune,W004,W005,W006
C0766,Gabriel Kothari,Bhopal,W010,W011,W012
C0767,Yutika Kumar,Chandigarh,W003,W001,W002
C0768,Thomas Khare,Pune,W004,W005,W006
C0769,Vrinda Nazareth,Bangalore,W013,W014,W015
C0770,Yashasvi Bansal,Surat,W005,W004,W006
C0771,Qabil Aggarwal,Aurangabad,W004,W005,W006
C0772,Chakradev Sha,Mumbai,W004,W005,W006
C0773,Bimala Bir,Gurgaon,W003,W001,W002
C0774,Aishani Thakkar,Visakhapatnam,W014,W015,W013
C0775,Gunbir Dhar,Faridabad,W003,W001,W002
C0776,Abeer Tella,Hyderabad,W014,W013,W015
C0777,Samuel Dhawan,Noida,W002,W001,W003
C0778,Qasim Buch,Gurgaon,W003,W001,W002
C0778,Qasim Buch,Gurgaon,W003,W001,W002
C0779,Vincent Chahal,Indore,W010,W011,W012
C0780,Jagdish Pathak,Ahmedabad,W005,W004,W006
C0781,Arin Patla,Vadodara,W005,W006,W004
C0782,William Raj,Bhopal,W010,W011,W012
C0783,Tanay Agarwal,Pune,W004,W005,W006
C0784,Chaaya Pandey,Indore,W010,W011,W012
C0785,Devansh Yadav,Vellore,W015,W013,W014
C0786,Timothy Padmanabhan,Patna,W009,W007,W008
C0787,Neelima Shah,Jaipur,W006,W005,W004
C0788,Anita Sachdev,Visakhapatnam,W014,W015,W013
C0789,Chandran Din,Ahmedabad,W005,W004,W006
C0790,Warinder Bobal,Ghaziabad,W002,W001,W003
C0791,Hemani Varkey,Jaipur,W006,W005,W004
C0792,Gaurangi Krishnamurthy,Visakhapatnam,W014,W015,W013
C0793,Jeremiah Ahluwalia,Vadodara,W005,W006,W004
C0794,Anmol Walla,Nagpur,W004,W005,W006
C0795,Vasudha Arora,Noida,W002,W001,W003
C0796,Orinder Virk,Ranchi,W012,W011,W010
C0797,Samar Narang,Chennai,W015,W013,W014
C0798,Shivani Merchant,Madurai,W015,W013,W014
C0799,Yashvi Chokshi,Udaipur,W006,W005,W004
C0800,Udarsh Pathak,Gwalior,W010,W011,W012
C0801,,Ahmedabad,W005,W004,W006
C0802,Watika Kamdar,Nagpur,W004,W005,W006
C0803,Upadhriti Thaker,Jaipur,W006,W005,W004
C0804,Noah Bath,Jodhpur,W006,W005,W004
C0805,Charles Bobal,Bhubaneswar,W008,W007,W009
C0806,Nidra Babu,Madurai,W015,W013,W014
C0807,Sara Jayaraman,Coimbatore,W015,W013,W014
C0808,Tejas Rout,Noida,W002,W001,W003
C0809,Jagat Bava,Lucknow,W002,W001,W003
C0810,Udant Nagy,Lucknow,W002,W001,W003
C0811,Jack Sarraf,Jaipur,W006,W005,W004
C0812,Manbir Sachdeva,Surat,W005,W004,W006
C0813,Advay Tara,Bhopal,W010,W011,W012
C0814,Tanmayi Shroff,Gwalior,W010,W011,W012
C0815,Anamika Nazareth,Hyderabad,W014,W013,W015
C0816,Gautam Ravel,Udaipur,W006,W005,W004
C0817,Anvi Atwal,Madurai,W015,W013,W014
C0818,Lucky Uppal,Vijayawada,W014,W015,W013
C0819,Falak Gade,Aurangabad,W004,W005,W006
C0820,Lipika Bajwa,Bhubaneswar,W008,W007,W009
C0821,Brinda Brar,New Delhi,W001,W002,W003
C0822,Krish Pant,Noida,W002,W001,W003
C0823,Nidhi Brar,Udaipur,W006,W005,W004
C0824,Vedant Ratti,Mumbai,W004,W005,W006
C0825,Vritti Hans,Udaipur,W006,W005,W004
C0826,Jagat Muni,Indore,W010,W011,W012
C0827,Ikbal Sridhar,Gwalior,W010,W011,W012
C0828,Lakshmi Dewan,Indore,W010,W011,W012
C0829,Ridhi Vyas,Patna,W009,W007,W008
C0830,,Madurai,W015,W013,W014
C0831,Jeevika Ben,Noida,W002,W001,W003
C0832,Pallavi Kibe,Chennai,W015,W013,W014
C0833,Jeevika Behl,Nagpur,W004,W005,W006
C0833,Jeevika Behl,Nagpur,W004,W005,W006
C0834,Turvi Raja,Bangalore,W013,W014,W015
C0835,Divya Sami,Vijayawada,W014,W015,W013
C0836,Vaishnavi Kala,Nagpur,W004,W005,W006
C0837,Mason Raja,Noida,W002,W001,W003
C0838,Chandani Chaudry,Coimbatore,W015,W013,W014
C0839,Vamakshi Banik,Madurai,W015,W013,W014
C0840,Shivansh Issac,Pune,W004,W005,W006
C0841,Samarth Dhawan,Pune,W004,W005,W006
C0842,Yash Chakraborty,Hyderabad,W014,W013,W015
C0843,Edhitha Chopra,Dhanbad,W012,W010,W011
C0844,Alka Yadav,Bangalore,W013,W014,W015
C0845,Alexander Palla,Dhanbad,W012,W010,W011
C0846,Noah Borra,Indore,W010,W011,W012
C0847,Ansh Dugar,Noida,W002,W001,W003
C0848,Lavanya Loyal,Mumbai,W004,W005,W006
C0849,Amrita Walia,Vijayawada,W014,W015,W013
C0850,Gaurav Wable,Gurgaon,W003,W001,W002
C0851,Aadhya Tripathi,Bhubaneswar,W008,W007,W009
C0852,Dev Merchant,Ranchi,W012,W011,W010
C0853,Sai Toor,Bangalore,W013,W014,W015
C0854,Advik Sane,New Delhi,W001,W002,W003
C0855,Ishani Bawa,Chandigarh,W003,W001,W002
C0856,Yochana Sankar,Jabalpur,W010,W011,W012
C0857,Siddharth Deep,Coimbatore,W015,W013,W014
C0858,Ucchal Singh,Kolkata,W007,W008,W009
C0859,Aarnav Nadkarni,Chennai,W015,W013,W014
C0860,Widisha Mitra,Indore,W010,W011,W012
C0861,Laksh Raval,Surat,W005,W004,W006
C0862,Qasim Hegde,Raipur,W011,W010,W012
C0863,Wazir Kale,Indore,W010,W011,W012
C0864,Warjas Lanka,Coimbatore,W015,W013,W014
C0865,Dalaja Basu,Gurgaon,W003,W001,W002
C0866,Anamika Kalita,Madurai,W015,W013,W014
C0867,Yatan Rout,Ghaziabad,W002,W001,W003
C0868,Qushi Rajagopal,Madurai,W015,W013,W014
C0869,Yasti Kumar,Salem,W015,W013,W014
C0870,Nilima Wason,Kolkata,W007,W008,W009
C0871,Ria Narasimhan,Ghaziabad,W002,W001,W003
C0872,Nikita Sankar,Bhubaneswar,W008,W007,W009
C0873,Yauvani Lall,Vadodara,W005,W006,W004
C0874,Darika Vaidya,Chandigarh,W003,W001,W002
C0875,Kashvi Muni,Noida,W002,W001,W003
C0876,Wriddhish Tella,Kolkata,W007,W008,W009
C0877,Unni Doctor,Vellore,W015,W013,W014
C0878,Victor Lanka,Kolkata,W007,W008,W009
C0879,Tanvi Sarkar,Madurai,W015,W013,W014
C0880,Anamika Tripathi,Jaipur,W006,W005,W004
C0881,Darika Pandya,Mysore,W013,W014,W015
C0882,Hiral Palla,Dhanbad,W012,W010,W011
C0883,Anika Bawa,Mysore,W013,W014,W015
C0884,Pooja Jani,Mysore,W013,W014,W015
C0885,Chaitanya Datta,Mysore,W013,W014,W015
C0885,Chaitanya Datta,Mysore,W013,W014,W015
C0886,Jyoti Ramakrishnan,Kolkata,W007,W008,W009
C0887,Eta Dixit,Noida,W002,W001,W003
C0888,Wridesh Khosla,Indore,W010,W011,W012
C0889,Gaurav Srivastava,Indore,W010,W011,W012
C0890,Nachiket Kant,Udaipur,W006,W005,W004
C0891,Manya Ghosh,Surat,W005,W004,W006
C0892,Warda Agarwal,Bhubaneswar,W008,W007,W009
C0893,Ojasvi Rajan,Ranchi,W012,W011,W010
C0893,Ojasvi Rajan,Ranchi,W012,W011,W010
C0894,Brijesh Sastry,Jamshedpur,W012,W010,W011
C0895,Zarna Gade,Hyderabad,W014,W013,W015
C0896,Chavvi Iyer,Noida,W002,W001,W003
C0897,Yagnesh Lalla,Jamshedpur,W012,W010,W011
C0898,Jagvi Lall,Gurgaon,W003,W001,W002
C0899,Kashvi Barman,Coimbatore,W015,W013,W014
C0900,,Madurai,W015,W013,W014
C0901,Yamini Goswami,Faridabad,W003,W001,W002
C0902,Keya Natt,Vijayawada,W014,W015,W013
C0903,Anvi Sankar,Indore,W010,W011,W012
C0904,Owen Singhal,Hyderabad,W014,W013,W015
C0905,Jacob Gopal,Pune,W004,W005,W006
C0906,Janaki Raghavan,Salem,W015,W013,W014
C0907,Aarini Samra,Noida,W002,W001,W003
C0908,Udarsh Mallick,Bhopal,W010,W011,W012
C0909,Indrajit Bhat,Dhanbad,W012,W010,W011
C0910,Ishani Raman,Bhubaneswar,W008,W007,W009
C0911,Gauri Handa,Chandigarh,W003,W001,W002
C0912,Fariq Sekhon,Ahmedabad,W005,W004,W006
C0913,Champak Arya,Bangalore,W013,W014,W015
C0914,Yahvi Saran,Udaipur,W006,W005,W004
C0915,Bachittar Wadhwa,Aurangabad,W004,W005,W006
C0916,Yatan Mand,Hyderabad,W014,W013,W015
C0917,Udarsh Koshy,Pune,W004,W005,W006
C0918,Rayaan Aurora,Patna,W009,W007,W008
C0919,Irya Gala,Salem,W015,W013,W014
C0920,Ridhi Balan,Chennai,W015,W013,W014
C0921,Simon Dube,Pune,W004,W005,W006
C0922,Bhavini Chahal,Kanpur,W002,W001,W003
C0923,Suhani Narain,Kanpur,W002,W001,W003
C0924,Rishi Anne,Jamshedpur,W012,W010,W011
C0925,Dalbir Kamdar,Madurai,W015,W013,W014
C0926,,Udaipur,W006,W005,W004
C0927,Samarth Shetty,Jabalpur,W010,W011,W012
C0928,Bahadurjit Sant,Coimbatore,W015,W013,W014
C0929,Aarna Kar,Mumbai,W004,W005,W006
C0930,Saumya Acharya,Vijayawada,W014,W015,W013
C0931,Udant Sampath,Ghaziabad,W002,W001,W003
C0932,Pratyush Khalsa,Jabalpur,W010,W011,W012
C0933,Zaid Bansal,Vijayawada,W014,W015,W013
C0934,Daksh Loyal,Vadodara,W005,W006,W004
C0935,Noah Raju,Visakhapatnam,W014,W015,W013
C0936,Nirja Magar,Salem,W015,W013,W014
C0937,Jagdish Vohra,Jodhpur,W006,W005,W004
C0938,Jonathan Mody,Indore,W010,W011,W012
C0939,Daksha Seshadri,Jamshedpur,W012,W010,W011
C0940,Darika Sandhu,Gurgaon,W003,W001,W002
C0941,Girik Kala,Patna,W009,W007,W008
C0942,Wriddhish Badami,Patna,W009,W007,W008
C0943,Chandran Barad,Chennai,W015,W013,W014
C0944,Ayushman Karan,Ahmedabad,W005,W004,W006
C0945,Maanav Bassi,Hyderabad,W014,W013,W015
C0946,Sudiksha Shah,Mysore,W013,W014,W015
C0947,Aarush Rattan,Noida,W002,W001,W003
C0948,Chandani Sane,Mumbai,W004,W005,W006
C0949,Riya Nayar,Pune,W004,W005,W006
C0950,Netra Borah,Patna,W009,W007,W008
C0951,Mitesh Sinha,Jaipur,W006,W005,W004
C0952,Yashvi Deol,Kanpur,W002,W001,W003
C0953,Bahadurjit Bhavsar,Hyderabad,W014,W013,W015
C0954,Isaac Varkey,Jaipur,W006,W005,W004
C0955,Fariq Raghavan,Bhopal,W010,W011,W012
C0955,Fariq Raghavan,Bhopal,W010,W011,W012
C0956,Peter Seth,New Delhi,W001,W002,W003
C0957,Saanvi Chad,Jamshedpur,W012,W010,W011
C0958,Bhavya Parikh,Visakhapatnam,W014,W015,W013
C0959,Radha Rana,Kolkata,W007,W008,W009
C0960,Neelima Iyengar,Mumbai,W004,W005,W006
C0961,Brijesh Talwar,Madurai,W015,W013,W014
C0962,Anirudh Munshi,Patna,W009,W007,W008
C0963,Daksha Subramanian,Bhopal,W010,W011,W012
C0964,Libni Samra,Noida,W002,W001,W003
C0964,Libni Samra,Noida,W002,W001,W003
C0965,Sara Edwin,Surat,W005,W004,W006
C0966,Urmi Sodhi,Noida,W002,W001,W003
C0967,Jacob Narula,Chandigarh,W003,W001,W002
C0967,Jacob Narula,Chandigarh,W003,W001,W002
C0968,Ranveer Kapadia,Bhopal,W010,W011,W012
C0969,Saksham Walla,Bhopal,W010,W011,W012
C0970,Aradhana Garde,Gwalior,W010,W011,W012
C0971,Alexander Panchal,Hyderabad,W014,W013,W015
C0972,Yashvi Toor,Indore,W010,W011,W012
C0973,Tanmayi Barman,Chennai,W015,W013,W014
C0973,Tanmayi Barman,Chennai,W015,W013,W014
C0974,Aachal Sathe,Vadodara,W005,W006,W004
C0975,Tejas Menon,Bhubaneswar,W008,W007,W009
C0976,Qasim Manne,Mumbai,W004,W005,W006
C0977,Bhavani Kala,Jamshedpur,W012,W010,W011
C0978,Kevin Dara,Gurgaon,W003,W001,W002
C0979,Tanvi Bahl,Bangalore,W013,W014,W015
C0980,Jason Singhal,Madurai,W015,W013,W014
C0981,Abha Menon,Patna,W009,W007,W008
C0982,Samarth Rout,Mysore,W013,W014,W015
C0983,,Bhubaneswar,W008,W007,W009
C0984,Ekaraj Saran,Visakhapatnam,W014,W015,W013
C0985,Laban Lad,Patna,W009,W007,W008
C0986,Shivansh Oommen,Udaipur,W006,W005,W004
C0987,Yashoda Chokshi,Dhanbad,W012,W010,W011
C0987,Yashoda Chokshi,Dhanbad,W012,W010,W011
C0988,Tara Mitra,Aurangabad,W004,W005,W006
C0989,David Naidu,Coimbatore,W015,W013,W014
C0990,Darika Vig,Jabalpur,W010,W011,W012
C0991,Sarthak Loke,Vellore,W015,W013,W014
C0992,Atharv Boase,Udaipur,W006,W005,W004
C0993,Oni Bhat,Patna,W009,W007,W008
C0994,Janaki Dani,Hyderabad,W014,W013,W015
C0994,Janaki Dani,Hyderabad,W014,W013,W015
C0995,Yauvani Johal,Lucknow,W002,W001,W003
C0996,Krish Dara,Bhubaneswar,W008,W007,W009
C0997,Odika Sodhi,Madurai,W015,W013,W014
C0998,Agastya Dhillon,Bhopal,W010,W011,W012
C0999,Faras Mital,Hyderabad,W014,W013,W015
C1000,,New Delhi,W001,W002,W003
C1001,Shivani Bal,Bhubaneswar,W008,W007,W009
C1002,Harshil Sastry,Jamshedpur,W012,W010,W011
C1003,Zarna Suri,Madurai,W015,W013,W014
C1004,Zinal Mangal,Lucknow,W002,W001,W003
C1005,Siddharth Sami,Thane,W004,W005,W006
C1006,Zarna Sekhon,Noida,W002,W001,W003
C1007,Ishanvi Mann,Hyderabad,W014,W013,W015
C1008,Ekaraj Gulati,Ranchi,W012,W011,W010
C1009,Pooja Dhaliwal,Bhopal,W010,W011,W012
C1010,Eshana Lalla,Jamshedpur,W012,W010,W011
C1011,Kiaan Iyengar,Chennai,W015,W013,W014
C1012,Tanmayi Sharma,Ranchi,W012,W011,W010
C1013,Rachita Balan,Mysore,W013,W014,W015
C1014,Balhaar Dalal,Thane,W004,W005,W006
C1015,Ati Chokshi,Jabalpur,W010,W011,W012
C1016,Tejas Sama,Dhanbad,W012,W010,W011
C1017,Gauri Kothari,Noida,W002,W001,W003
C1018,Timothy Krishnamurthy,Jabalpur,W010,W011,W012
C1019,Hitesh Sarma,Vellore,W015,W013,W014
C1020,Vritti Sama,Nagpur,W004,W005,W006
C1021,Inaya Vora,Vadodara,W005,W006,W004
C1022,Tanay Deep,Vellore,W015,W013,W014
C1023,Guneet Som,Gurgaon,W003,W001,W002
C1024,Sanaya Sathe,Visakhapatnam,W014,W015,W013
C1025,Hitesh Seshadri,Mumbai,W004,W005,W006
C1026,Farhan Lanka,Ranchi,W012,W011,W010
C1027,Osha Gera,Thane,W004,W005,W006
C1028,Nimrat Chopra,Chennai,W015,W013,W014
C1029,Qarin Chaudhuri,Nagpur,W004,W005,W006
C1030,Lakshit Rege,Vellore,W015,W013,W014
C1031,Lakshit Vohra,Kanpur,W002,W001,W003
C1032,Idika Pradhan,Bhubaneswar,W008,W007,W009
C1033,Bishakha Bahri,Nagpur,W004,W005,W006
C1034,Oviya Dugal,Patna,W009,W007,W008
C1035,Robert Acharya,Gurgaon,W003,W001,W002
C1036,Mahika Devan,Indore,W010,W011,W012
C1037,Yashvi Tara,Vijayawada,W014,W015,W013
C1038,Pranav Saran,Kanpur,W002,W001,W003
C1039,Gaurang Buch,Nagpur,W004,W005,W006
C1040,,Vadodara,W005,W006,W004
C1041,,Gurgaon,W003,W001,W002
C1042,Fariq Dhawan,Bhubaneswar,W008,W007,W009
C1043,Samaksh Datta,Surat,W005,W004,W006
C1044,Yamini Lad,Ranchi,W012,W011,W010
C1045,Udant Mander,Ranchi,W012,W011,W010
C1046,Luke Rajagopalan,Chennai,W015,W013,W014
C1047,Shravya Badal,Chennai,W015,W013,W014
C1048,Vamakshi Krishnamurthy,Ranchi,W012,W011,W010
C1049,Lajita Rege,Vijayawada,W014,W015,W013
C1050,Omaja Padmanabhan,Bhubaneswar,W008,W007,W009
C1051,Chatura Dutta,Bhopal,W010,W011,W012
C1052,Jyoti Nayak,Bhubaneswar,W008,W007,W009
C1053,Vritti Dixit,New Delhi,W001,W002,W003
C1054,Jack Warrior,Nagpur,W004,W005,W006
C1055,,Udaipur,W006,W005,W004
C1056,Warinder Majumdar,Mumbai,W004,W005,W006
C1057,Udant Bora,Ghaziabad,W002,W001,W003
C1058,Oviya Loke,Vellore,W015,W013,W014
C1059,Jagvi Bedi,Chennai,W015,W013,W014
C1060,Joshua Khatri,Chennai,W015,W013,W014
C1061,Ira Pall,Vellore,W015,W013,W014
C1062,Yachana Aurora,Chandigarh,W003,W001,W002
C1063,William Saha,Bhubaneswar,W008,W007,W009
C1064,Lekha Dube,Salem,W015,W013,W014
C1065,Anvi Palla,Vellore,W015,W013,W014
C1066,Jonathan Contractor,Jabalpur,W010,W011,W012
C1067,Falan Chana,Pune,W004,W005,W006
C1068,Unni Reddy,Jabalpur,W010,W011,W012
C1069,Frederick Sankar,Mumbai,W004,W005,W006
C1070,Tanveer Kurian,Chennai,W015,W013,W014
C1071,Tara Bhatti,Bhopal,W010,W011,W012
C1072,Ansh Ram,Nagpur,W004,W005,W006
C1073,Neelima Arya,Dhanbad,W012,W010,W011
C1074,David Saxena,Patna,W009,W007,W008
C1075,Chatura Seth,Bhopal,W010,W011,W012
C1076,Panini Bera,Kanpur,W002,W001,W003
C1077,Diya Saran,Mysore,W013,W014,W015
C1078,Rehaan Nagi,Indore,W010,W011,W012
C1078,,Indore,W010,W011,W012
C1079,Arunima Chokshi,Visakhapatnam,W014,W015,W013
C1080,Vrinda Jaggi,Vadodara,W005,W006,W004
C1081,Hamsini Tara,Mumbai,W004,W005,W006
C1082,Manthan Baral,Aurangabad,W004,W005,W006
C1083,Dev Kumer,Salem,W015,W013,W014
C1084,Edhitha Chaudhry,Jaipur,W006,W005,W004
C1085,Yadavi Raj,Dhanbad,W012,W010,W011
C1086,Watika Basu,Visakhapatnam,W014,W015,W013
C1087,Hritik Parekh,Udaipur,W006,W005,W004
C1088,Chavvi Gade,Patna,W009,W007,W008
C1089,Mitesh Basak,Kanpur,W002,W001,W003
C1090,Gayathri Narayan,Aurangabad,W004,W005,W006
C1091,Zarna Yogi,Jaipur,W006,W005,W004
C1092,Bina Ravi,Raipur,W011,W010,W012
C1093,Ekansh Parekh,Aurangabad,W004,W005,W006
C1094,Oviya Mody,Ghaziabad,W002,W001,W003
C1095,Anvi Karpe,Chennai,W015,W013,W014
C1096,Faqid Ahluwalia,Kolkata,W007,W008,W009
C1097,Zinal Brahmbhatt,Bhubaneswar,W008,W007,W009
C1098,Siya Mishra,Ranchi,W012,W011,W010
C1099,Harita Ramakrishnan,Jaipur,W006,W005,W004
C1100,Forum Shah,Kanpur,W002,W001,W003
C1101,Qushi Kota,Faridabad,W003,W001,W002
C1102,Ekantika Suri,Coimbatore,W015,W013,W014
C1103,Riya Banerjee,Faridabad,W003,W001,W002
C1104,Isha Nori,Chandigarh,W003,W001,W002
C1105,Baghyawati Kala,Jabalpur,W010,W011,W012
C1106,Ryan Hora,Dhanbad,W012,W010,W011
C1107,Jeevika Chaudry,Surat,W005,W004,W006
C1108,Lajita Divan,Gurgaon,W003,W001,W002
C1109,Warjas Ganguly,Dhanbad,W012,W010,W011
C1110,Nathaniel Devi,Raipur,W011,W010,W012
C1110,Nathaniel Devi,Raipur,W011,W010,W012
C1111,Vivaan Bahl,Nagpur,W004,W005,W006
C1112,Yashvi Dube,Bangalore,W013,W014,W015
C1113,Bakhshi Chadha,Visakhapatnam,W014,W015,W013
C1114,Harish Suri,Bhubaneswar,W008,W007,W009
C1115,Bhavini Tripathi,Hyderabad,W014,W013,W015
C1116,Hitesh Natt,Gurgaon,W003,W001,W002
C1117,,Raipur,W011,W010,W012
C1118,Rudra Pandit,Nagpur,W004,W005,W006
C1119,Ranbir Murty,Hyderabad,W014,W013,W015
C1120,Jagdish Ratta,Bhopal,W010,W011,W012
C1121,Oliver Karpe,Aurangabad,W004,W005,W006
C1122,Nisha Seth,Surat,W005,W004,W006
C1123,Kiaan Rajagopalan,Surat,W005,W004,W006
C1124,Orinder Bal,Madurai,W015,W013,W014
C1125,Rishi Mane,Vadodara,W005,W006,W004
C1126,Pratyush Nagy,Lucknow,W002,W001,W003
C1127,Chasmum Iyengar,Chandigarh,W003,W001,W002
C1128,Keya Bali,Bangalore,W013,W014,W015
C1129,Vasudha Wable,Vellore,W015,W013,W014
C1130,Ansh Agrawal,Vadodara,W005,W006,W004
C1131,Robert Bains,Mysore,W013,W014,W015
C1132,Ayush Bir,Mumbai,W004,W005,W006
C1133,Benjamin Sagar,Vellore,W015,W013,W014
C1134,Jasmit Koshy,Coimbatore,W015,W013,W014
C1135,Nirja Narain,Ranchi,W012,W011,W010
C1136,Bachittar Naidu,Gurgaon,W003,W001,W002
C1137,Sneha Dhillon,Ranchi,W012,W011,W010
C1138,Anirudh Bhavsar,Bhopal,W010,W011,W012
C1139,,Visakhapatnam,W014,W015,W013
C1140,Ijaya Gole,Visakhapatnam,W014,W015,W013
C1141,Avi Khanna,Pune,W004,W005,W006
C1142,Hiral Patel,Chandigarh,W003,W001,W002
C1143,Keya Sunder,Ghaziabad,W002,W001,W003
C1144,Sara Sura,Jabalpur,W010,W011,W012
C1145,Girish Kari,Lucknow,W002,W001,W003
C1146,Yash Raval,Jaipur,W006,W005,W004
C1147,Faraj Sandal,Chandigarh,W003,W001,W002
C1148,Forum Varughese,Mysore,W013,W014,W015
C1149,Dipta Kala,Kolkata,W007,W008,W009
C1150,Wahab Manne,Vadodara,W005,W006,W004
C1151,Girish Buch,Madurai,W015,W013,W014
C1152,Aayush Narain,Aurangabad,W004,W005,W006
C1153,Harshil Nazareth,Bhopal,W010,W011,W012
C1154,Urvashi Goyal,Faridabad,W003,W001,W002
C1155,Champak Kapoor,Visakhapatnam,W014,W015,W013
C1156,Ansh Rout,Hyderabad,W014,W013,W015
C1157,Odika Bhandari,Dhanbad,W012,W010,W011
C1158,Ekta Nagar,Bhopal,W010,W011,W012
C1159,Rudra Bains,New Delhi,W001,W002,W003
C1160,Ladli Manda,Mysore,W013,W014,W015
C1161,Shivani Mallick,Bhopal,W010,W011,W012
C1162,Harish Muni,Kanpur,W002,W001,W003
C1163,Leela Srivastava,New Delhi,W001,W002,W003
C1164,Andrew Kota,Kolkata,W007,W008,W009
C1165,Jagrati Bhatnagar,Mysore,W013,W014,W015
C1166,Tristan Dutta,Ranchi,W012,W011,W010
C1167,Rudra Mukhopadhyay,Chandigarh,W003,W001,W002
C1168,Lekha Shukla,Jabalpur,W010,W011,W012
C1169,Kamya Balakrishnan,Jaipur,W006,W005,W004
C1170,Ladli Parikh,Nagpur,W004,W005,W006
C1171,Oscar Sant,Bangalore,W013,W014,W015
C1172,Robert Gupta,Ahmedabad,W005,W004,W006
C1172,Robert Gupta,Ahmedabad,W005,W004,W006
C1173,Kiaan Garg,Hyderabad,W014,W013,W015
C1174,Nilima Choudhary,Ghaziabad,W002,W001,W003
C1175,Mitali Tata,Jamshedpur,W012,W010,W011
C1176,Wakeeta Singhal,Coimbatore,W015,W013,W014
C1177,Januja Bedi,Nagpur,W004,W005,W006
C1178,Yash Rastogi,Dhanbad,W012,W010,W011
C1179,Upma Kashyap,Pune,W004,W005,W006
C1180,Arya Wali,Hyderabad,W014,W013,W015
C1181,Akshay Lanka,Hyderabad,W014,W013,W015
C1182,Mitali Kata,Mumbai,W004,W005,W006
C1183,Gautam Saxena,Jamshedpur,W012,W010,W011
C1184,Bimala Doctor,Aurangabad,W004,W005,W006
C1185,Anirudh Ghose,Pune,W004,W005,W006
C1186,Jai Narayan,Jabalpur,W010,W011,W012
C1187,Sathvik Balan,Raipur,W011,W010,W012
C1188,,New Delhi,W001,W002,W003
C1189,Teerth Sheth,Faridabad,W003,W001,W002
C1190,Ryan Zachariah,Bangalore,W013,W014,W015
C1191,Bhavini Shan,Nagpur,W004,W005,W006
C1192,Janya Som,Surat,W005,W004,W006
C1193,Vasana Sachdev,Nagpur,W004,W005,W006
C1194,Omkaar Kata,Gurgaon,W003,W001,W002
C1195,Dipta Loyal,Chandigarh,W003,W001,W002
C1196,Hemal Nagy,Bhopal,W010,W011,W012
C1197,Wishi Wable,Dhanbad,W012,W010,W011
C1198,Eshana Manda,Vellore,W015,W013,W014
C1199,Vanya Oza,Chennai,W015,W013,W014
C1200,Azad Nori,Bhopal,W010,W011,W012
C1201,Girindra Magar,Coimbatore,W015,W013,W014
C1202,Zashil Patil,Patna,W009,W007,W008
C1203,Divya Cherian,Bhopal,W010,W011,W012
C1204,Keya Parmar,Gwalior,W010,W011,W012
C1205,Ekaja Chaudry,Indore,W010,W011,W012
C1206,Meghana Nanda,Lucknow,W002,W001,W003
C1207,Max Thakur,Ahmedabad,W005,W004,W006
C1208,Jacob Toor,Madurai,W015,W013,W014
C1209,Krishna Raj,Udaipur,W006,W005,W004
C1210,Arunima Batta,Bangalore,W013,W014,W015
C1211,Harshil Manne,Raipur,W011,W010,W012
C1212,Janya Bora,Mysore,W013,W014,W015
C1213,Qabil Mane,Mysore,W013,W014,W015
C1214,,Madurai,W015,W013,W014
C1215,Varsha Arora,Chandigarh,W003,W001,W002
C1216,Kala Bajwa,Madurai,W015,W013,W014
C1217,Anirudh Vyas,New Delhi,W001,W002,W003
C1218,Ekalinga Gala,Jaipur,W006,W005,W004
C1219,Yagnesh Muni,Nagpur,W004,W005,W006
C1220,Dalaja Srivastava,Thane,W004,W005,W006
C1221,Ikbal Chandran,Vellore,W015,W013,W014
C1222,Girik Tripathi,Hyderabad,W014,W013,W015
C1223,Sudiksha Majumdar,Salem,W015,W013,W014
C1224,Oscar Dada,Nagpur,W004,W005,W006
C1225,Libni Bhagat,Aurangabad,W004,W005,W006
C1226,Irya Dhaliwal,Bhopal,W010,W011,W012
C1227,Pushti Oommen,Ghaziabad,W002,W001,W003
C1228,Nikita Sarin,Vellore,W015,W013,W014
C1229,Samesh Varkey,Jaipur,W006,W005,W004
C1230,Yashodhara Borah,Surat,W005,W004,W006
C1231,Krishna Sampath,Faridabad,W003,W001,W002
C1232,,Pune,W004,W005,W006
C1233,Upadhriti Gandhi,Ahmedabad,W005,W004,W006
C1234,Wishi Solanki,Ranchi,W012,W011,W010
C1235,Priya Nayar,Vellore,W015,W013,W014
C1236,Joshua Raman,Jamshedpur,W012,W010,W011
C1237,Daniel Sampath,New Delhi,W001,W002,W003
C1238,Joshua Dhar,Udaipur,W006,W005,W004
C1239,Bhanumati Zachariah,Madurai,W015,W013,W014
C1240,Gaurav Keer,Mysore,W013,W014,W015
C1241,Meera Thakur,Indore,W010,W011,W012
C1242,Urvashi Ganesan,Raipur,W011,W010,W012
C1243,Aarini Bhandari,Faridabad,W003,W001,W002
C1244,Tejas Bajaj,Jaipur,W006,W005,W004
C1245,Jacob Prashad,Thane,W004,W005,W006
C1246,Manbir Amble,Dhanbad,W012,W010,W011
C1247,Tristan Majumdar,Noida,W002,W001,W003
C1248,Nathaniel Dasgupta,Chennai,W015,W013,W014
C1249,,Chennai,W015,W013,W014
C1250,Ekalinga Ganguly,Visakhapatnam,W014,W015,W013
C1251,Kashish Choudhury,Noida,W002,W001,W003
C1252,Liam Madan,Gwalior,W010,W011,W012
C1253,Amruta Viswanathan,Udaipur,W006,W005,W004
C1254,Ikbal Jayaraman,Ghaziabad,W002,W001,W003
C1255,Yatin Dara,Salem,W015,W013,W014
C1256,Anjali Mutti,Bhopal,W010,W011,W012
C1257,Orinder Tandon,Jodhpur,W006,W005,W004
C1258,Ranveer Saini,Mysore,W013,W014,W015
C1259,Max Dewan,Jabalpur,W010,W011,W012
C1260,Inaya Chad,Bangalore,W013,W014,W015
C1261,Arunima Kohli,Vadodara,W005,W006,W004
C1262,Pahal Pau,Chennai,W015,W013,W014
C1263,Timothy Kota,Chandigarh,W003,W001,W002
C1264,Anthony Tak,Bhopal,W010,W011,W012
C1265,,Madurai,W015,W013,W014
C1265,Balhaar Gera,Madurai,W015,W013,W014
C1266,Nathaniel Comar,Faridabad,W003,W001,W002
C1267,Michael Guha,Bhopal,W010,W011,W012
C1268,Isha Nayar,Salem,W015,W013,W014
C1269,Raghav Krish,Aurangabad,W004,W005,W006
C1269,Raghav Krish,Aurangabad,W004,W005,W006
C1270,Noah Sen,Mysore,W013,W014,W015
C1271,Lopa Khanna,Jaipur,W006,W005,W004
C1272,Saksham Sheth,Ranchi,W012,W011,W010
C1273,Jhalak Butala,Hyderabad,W014,W013,W015
C1274,Manya Ratti,Ranchi,W012,W011,W010
C1275,Gauri Gopal,Chandigarh,W003,W001,W002
C1276,Varenya Kaur,Bangalore,W013,W014,W015
C1277,Nathaniel Wason,Lucknow,W002,W001,W003
C1278,Vedika Rama,Visakhapatnam,W014,W015,W013
C1279,Adweta Morar,Pune,W004,W005,W006
C1280,Veda Bajwa,Coimbatore,W015,W013,W014
C1281,Sanaya Sandal,Vijayawada,W014,W015,W013
C1282,Thomas Goel,Mumbai,W004,W005,W006
C1283,Finn Sani,Visakhapatnam,W014,W015,W013
C1284,Aadi Rattan,Bangalore,W013,W014,W015
C1285,Kalpit Solanki,Bhopal,W010,W011,W012
C1286,Anjali Rajan,Vadodara,W005,W006,W004
C1287,Anvi Barad,Kanpur,W002,W001,W003
C1288,Ekaraj Padmanabhan,Ghaziabad,W002,W001,W003
C1289,Chavvi Chandra,Udaipur,W006,W005,W004
C1290,Henry Swaminathan,Indore,W010,W011,W012
C1291,Yahvi Wali,Madurai,W015,W013,W014
C1292,Logan Soman,Kolkata,W007,W008,W009
C1293,Keya Vohra,Dhanbad,W012,W010,W011
C1294,Anjali Prasad,Jaipur,W006,W005,W004
C1295,Darsh Sachar,Bangalore,W013,W014,W015
C1296,Naksh Yogi,Ahmedabad,W005,W004,W006
C1297,Ansh Sridhar,Jaipur,W006,W005,W004
C1298,Wahab Dora,Jodhpur,W006,W005,W004
C1299,Nathan Patla,Noida,W002,W001,W003
C1300,Nitara Taneja,Jamshedpur,W012,W010,W011
C1301,Nitara Mukhopadhyay,Vadodara,W005,W006,W004
C1301,Nitara Mukhopadhyay,Vadodara,W005,W006,W004
C1302,Andrew Bains,Faridabad,W003,W001,W002
C1303,Kavya Atwal,Jabalpur,W010,W011,W012
C1304,Arjun Sundaram,Faridabad,W003,W001,W002
C1305,Frado Chandra,Surat,W005,W004,W006
C1306,Omkaar Krishnamurthy,Bhopal,W010,W011,W012
C1307,Farhan Peri,Visakhapatnam,W014,W015,W013
C1308,Harish Mital,Jamshedpur,W012,W010,W011
C1309,Veer Prabhakar,Faridabad,W003,W001,W002
C1310,Yashodhara Singhal,Bangalore,W013,W014,W015
C1311,Rajeshri Lalla,Bhopal,W010,W011,W012
C1312,Teerth Bandi,New Delhi,W001,W002,W003
C1313,,Jaipur,W006,W005,W004
C1314,Agastya Kakar,Vijayawada,W014,W015,W013
C1315,Ekavir Ramachandran,Vadodara,W005,W006,W004
C1316,Omkaar Vasa,Lucknow,W002,W001,W003
C1317,Praneel Baria,Madurai,W015,W013,W014
C1318,Lavanya Seth,Bangalore,W013,W014,W015
C1319,Irya Kapoor,Bhopal,W010,W011,W012
C1320,Alka Soman,Vadodara,W005,W006,W004
C1320,Alka Soman,Vadodara,W005,W006,W004
C1321,Kritika Gaba,Mysore,W013,W014,W015
C1322,Zarna Thakur,Kanpur,W002,W001,W003
C1323,Orinder Iyengar,Aurangabad,W004,W005,W006
C1324,Jacob Chadha,Nagpur,W004,W005,W006
C1325,Bimala Morar,Gurgaon,W003,W001,W002
C1326,Vedant Hayre,Bhubaneswar,W008,W007,W009
C1327,Teerth Ahluwalia,Madurai,W015,W013,W014
C1328,Nachiket Sunder,Surat,W005,W004,W006
C1329,Pavani Sami,Ahmedabad,W005,W004,W006
C1330,Wridesh Munshi,Hyderabad,W014,W013,W015
C1331,Abeer Raju,Aurangabad,W004,W005,W006
C1332,Darsh Natt,Kanpur,W002,W001,W003
C1333,Urvi Bhatnagar,Indore,W010,W011,W012
C1334,Sanya Halder,Indore,W010,W011,W012
C1335,Mohini Tank,Gurgaon,W003,W001,W002
C1336,Liam Raju,Dhanbad,W012,W010,W011
C1337,Varenya Kalla,Dhanbad,W012,W010,W011
C1338,Sachi Parsa,Vadodara,W005,W006,W004
C1339,Aayush Pandya,Gurgaon,W003,W001,W002
C1340,Pavani Chauhan,Surat,W005,W004,W006
C1341,,Indore,W010,W011,W012
C1342,Pushti Tara,Kanpur,W002,W001,W003
C1343,Fiyaz Natarajan,Jodhpur,W006,W005,W004
C1344,Arjun Naidu,Ahmedabad,W005,W004,W006
C1345,Bina Magar,Ghaziabad,W002,W001,W003
C1346,Logan Chaudry,Ahmedabad,W005,W004,W006
C1347,Qadim Dixit,Hyderabad,W014,W013,W015
C1348,Anjali Khurana,Visakhapatnam,W014,W015,W013
C1349,Vasudha Bhalla,Kolkata,W007,W008,W009
C1350,Rajeshri Arora,Bhopal,W010,W011,W012
C1351,Indrajit Goel,Visakhapatnam,W014,W015,W013
C1352,Lucky Tiwari,Thane,W004,W005,W006
C1353,Mekhala Nagy,Gwalior,W010,W011,W012
C1354,Faqid Varghese,Bangalore,W013,W014,W015
C1355,Rajeshri Sengupta,Vadodara,W005,W006,W004
C1356,Rushil Koshy,Nagpur,W004,W005,W006
C1357,Arya Rattan,Bhubaneswar,W008,W007,W009
C1358,Yachana Shere,Hyderabad,W014,W013,W015
C1359,Avi Raman,Madurai,W015,W013,W014
C1360,Bhavika Bera,Madurai,W015,W013,W014
C1361,Nimrat Boase,Coimbatore,W015,W013,W014
C1361,Nimrat Boase,Coimbatore,W015,W013,W014
C1362,Nidra Patel,Chennai,W015,W013,W014
C1363,Dakshesh Bassi,Vadodara,W005,W006,W004
C1364,Rajeshri Rout,Ahmedabad,W005,W004,W006
C1365,Falak Sundaram,Noida,W002,W001,W003
C1366,Lakshit Karan,Vijayawada,W014,W015,W013
C1367,Jagrati Hora,Kanpur,W002,W001,W003
C1368,Omisha Aurora,Bhopal,W010,W011,W012
C1369,Eesha Ramachandran,Madurai,W015,W013,W014
C1370,Warjas Gandhi,Coimbatore,W015,W013,W014
C1371,Bina Khare,Raipur,W011,W010,W012
C1372,Aayush Kurian,Jaipur,W006,W005,W004
C1373,Rushil Randhawa,Faridabad,W003,W001,W002
C1374,Ucchal Hans,Nagpur,W004,W005,W006
C1375,Faraj Menon,Noida,W002,W001,W003
C1376,Praneel Oza,Noida,W002,W001,W003
C1377,Vedant Khosla,Jodhpur,W006,W005,W004
C1378,Zashil Tak,Visakhapatnam,W014,W015,W013
C1379,Reva Ahluwalia,Surat,W005,W004,W006
C1380,Yutika Dara,Madurai,W015,W013,W014
C1380,Yutika Dara,Madurai,W015,W013,W014
C1381,Kiaan Mistry,Bangalore,W013,W014,W015
C1382,Kashish Sidhu,Udaipur,W006,W005,W004
C1383,Nakul Wali,Vadodara,W005,W006,W004
C1384,Rehaan Datta,Ranchi,W012,W011,W010
C1385,Ati Parsa,Jaipur,W006,W005,W004
C1386,Ekalinga Raval,Visakhapatnam,W014,W015,W013
C1387,Garima Prashad,Mumbai,W004,W005,W006
C1388,Ishanvi Dhillon,Jaipur,W006,W005,W004
C1389,Yamini Ramanathan,Vellore,W015,W013,W014
C1390,Deepa Dey,New Delhi,W001,W002,W003
C1390,Deepa Dey,New Delhi,W001,W002,W003
C1391,Aradhana Lal,Mumbai,W004,W005,W006
C1392,Lohit Subramanian,Jamshedpur,W012,W010,W011
C1393,Yatin Sachdev,Kanpur,W002,W001,W003
C1394,Onveer Dayal,Pune,W004,W005,W006
C1395,Janaki Kashyap,Mysore,W013,W014,W015
C1396,Dakshesh Buch,Faridabad,W003,W001,W002
C1397,Vamakshi Saxena,Indore,W010,W011,W012
C1398,Diya Date,Kanpur,W002,W001,W003
C1399,Viraj Patla,Nagpur,W004,W005,W006
C1400,Ojasvi Tripathi,Aurangabad,W004,W005,W006
C1401,Damini Narasimhan,Pune,W004,W005,W006
C1402,Divya Sunder,Indore,W010,W011,W012
C1403,Raghav Kapadia,Nagpur,W004,W005,W006
C1404,Lila Halder,Vellore,W015,W013,W014
C1405,Qushi Tiwari,Dhanbad,W012,W010,W011
C1406,Azaan Dasgupta,Bhubaneswar,W008,W007,W009
C1407,Nihal Ranganathan,Jodhpur,W006,W005,W004
C1408,Robert Nigam,Visakhapatnam,W014,W015,W013
C1409,Ishita Kanda,Hyderabad,W014,W013,W015
C1410,Pratyush Ram,Kolkata,W007,W008,W009
C1411,Joshua Tata,Vijayawada,W014,W015,W013
C1412,Advaith Kohli,Vellore,W015,W013,W014
C1413,Laksh Kapur,Kolkata,W007,W008,W009
C1414,Yashawini Manda,Jaipur,W006,W005,W004
C1415,Kalpit Chanda,Ghaziabad,W002,W001,W003
C1416,Baghyawati Nigam,Udaipur,W006,W005,W004
C1417,Nakul Gade,Patna,W009,W007,W008
C1418,Christopher Ghosh,Ahmedabad,W005,W004,W006
C1419,Abdul Sampath,New Delhi,W001,W002,W003
C1420,Deepa Wable,Chandigarh,W003,W001,W002
C1421,Varsha Sarin,Gwalior,W010,W011,W012
C1422,Vinaya Konda,Chennai,W015,W013,W014
C1423,Finn Mander,Coimbatore,W015,W013,W014
C1424,Kavya Sandal,Nagpur,W004,W005,W006
C1425,Lila Nanda,Ahmedabad,W005,W004,W006
C1426,Darsh Dugal,Dhanbad,W012,W010,W011
C1427,Jhalak Sathe,Vellore,W015,W013,W014
C1428,Zehaan Sood,Patna,W009,W007,W008
C1429,,Jodhpur,W006,W005,W004
C1430,Waida Narasimhan,Vijayawada,W014,W015,W013
C1431,Nirja Sem,Jaipur,W006,W005,W004
C1432,Jeremiah Majumdar,Lucknow,W002,W001,W003
C1433,Dalaja Bhasin,Chennai,W015,W013,W014
C1434,Idika Aggarwal,Pune,W004,W005,W006
C1435,Aarna Devi,Bangalore,W013,W014,W015
C1436,Radhika Tata,Faridabad,W003,W001,W002
C1437,Nandini Kuruvilla,Ahmedabad,W005,W004,W006
C1438,Amruta Apte,Patna,W009,W007,W008
C1439,Jatin Sarna,Vijayawada,W014,W015,W013
C1440,Dhriti Hans,Udaipur,W006,W005,W004
C1441,Turvi Mani,Raipur,W011,W010,W012
C1442,Tanay Narula,Patna,W009,W007,W008
C1443,Gaurika Rai,Mumbai,W004,W005,W006
C1444,,Jabalpur,W010,W011,W012
C1445,Finn Bora,Gwalior,W010,W011,W012
C1446,Sara Modi,Visakhapatnam,W014,W015,W013
C1447,Vansha Char,New Delhi,W001,W002,W003
C1448,Vrishti Lall,Chennai,W015,W013,W014
C1449,Vedika Chana,Vellore,W015,W013,W014
C1450,Omaja Bassi,Visakhapatnam,W014,W015,W013
C1451,Vasatika Dey,Pune,W004,W005,W006
C1452,Darsh Chaudhary,Ghaziabad,W002,W001,W003
C1453,Janaki Nagi,Hyderabad,W014,W013,W015
C1454,Libni Ravel,Noida,W002,W001,W003
C1455,Darpan Sahni,Madurai,W015,W013,W014
C1456,Andrew Sarna,Visakhapatnam,W014,W015,W013
C1457,Baghyawati Mittal,Bangalore,W013,W014,W015
C1458,Wishi Saha,Nagpur,W004,W005,W006
C1459,Sai Behl,Jodhpur,W006,W005,W004
C1460,Balvan Basak,Jodhpur,W006,W005,W004
C1461,Kritika Kaul,Jabalpur,W010,W011,W012
C1462,Mugdha Agate,Coimbatore,W015,W013,W014
C1463,Ekaraj Parmar,Lucknow,W002,W001,W003
C1464,Reyansh Dhingra,Ranchi,W012,W011,W010
C1465,Gaurang Mahajan,Jamshedpur,W012,W010,W011
C1466,Anamika Varkey,Thane,W004,W005,W006
C1467,Nakul Murthy,Mysore,W013,W014,W015
C1468,Yatan Mahajan,Nagpur,W004,W005,W006
C1469,Naksh Shankar,Bangalore,W013,W014,W015
C1470,Oliver Ratti,Nagpur,W004,W005,W006
C1471,Yagnesh Basu,Vadodara,W005,W006,W004
C1472,Manan Kunda,Ghaziabad,W002,W001,W003
C1473,Nathan Anne,Jabalpur,W010,W011,W012
C1474,Anika Bhardwaj,Ghaziabad,W002,W001,W003
C1475,Reva Pandey,Ahmedabad,W005,W004,W006
C1476,Ranbir Doctor,New Delhi,W001,W002,W003
C1477,Dalbir Agrawal,Mysore,W013,W014,W015
C1478,Zaid Khosla,Vellore,W015,W013,W014
C1479,Samuel Sarma,Vellore,W015,W013,W014
C1480,Gunbir Iyengar,Lucknow,W002,W001,W003
C1481,Lekha Sahni,Raipur,W011,W010,W012
C1482,Yashawini Kuruvilla,Vellore,W015,W013,W014
C1483,Ansh Issac,Dhanbad,W012,W010,W011
C1484,Janya Patel,Pune,W004,W005,W006
C1485,Dayamai Pillai,Gwalior,W010,W011,W012
C1486,Edhitha Lall,Jabalpur,W010,W011,W012
C1487,,Kanpur,W002,W001,W003
C1488,Simon Lata,Coimbatore,W015,W013,W014
C1489,Ishanvi Kala,Ghaziabad,W002,W001,W003
C1490,Ria Patil,Jabalpur,W010,W011,W012
C1491,Upkaar Mital,Ahmedabad,W005,W004,W006
C1492,Abhimanyu Khanna,Jamshedpur,W012,W010,W011
C1493,Advaith Kuruvilla,Hyderabad,W014,W013,W015
C1494,Wyatt Dani,Kanpur,W002,W001,W003
C1495,Indali DAlia,Chennai,W015,W013,W014
C1496,Inaya Dixit,Gurgaon,W003,W001,W002
C1497,David Dey,Noida,W002,W001,W003
C1498,Sudiksha Barad,Bhopal,W010,W011,W012
C1499,Amrita Divan,Aurangabad,W004,W005,W006
C1500,Bina Goswami,Jabalpur,W010,W011,W012
C1501,Niharika Grewal,Noida,W002,W001,W003
C1502,Bhavini Cheema,Bhopal,W010,W011,W012
C1503,Urishilla Om,Udaipur,W006,W005,W004
C1504,Upma Krishna,Thane,W004,W005,W006
C1505,,Ahmedabad,W005,W004,W006
C1506,Bahadurjit Rattan,Chandigarh,W003,W001,W002
C1507,Henry Palla,Gurgaon,W003,W001,W002
C1508,Leela Mani,Chennai,W015,W013,W014
C1509,Netra Yadav,Kanpur,W002,W001,W003
C1510,Faraj Sandal,Indore,W010,W011,W012
C1511,Oliver Dhar,Mumbai,W004,W005,W006
C1512,Theodore Dara,Visakhapatnam,W014,W015,W013
C1513,Kala Issac,Faridabad,W003,W001,W002
C1514,Kashvi Seth,Indore,W010,W011,W012
C1515,Chandani Krishna,Noida,W002,W001,W003
C1516,Harish Dara,Coimbatore,W015,W013,W014
C1517,Michael Chaudhry,Jodhpur,W006,W005,W004
C1518,Wazir Dara,Mumbai,W004,W005,W006
C1519,Harrison Lal,Jabalpur,W010,W011,W012
C1520,Tanay Prabhu,Udaipur,W006,W005,W004
C1521,Charan Joshi,Pune,W004,W005,W006
C1522,Jyoti Walia,New Delhi,W001,W002,W003
C1523,,Lucknow,W002,W001,W003
C1524,Jason Khosla,Ghaziabad,W002,W001,W003
C1525,Hardik Wali,Hyderabad,W014,W013,W015
C1526,Madhavi Manda,Jamshedpur,W012,W010,W011
C1527,Rohan Gopal,Bhopal,W010,W011,W012
C1528,Ekaraj Bassi,Kanpur,W002,W001,W003
C1529,Azaan Dave,Madurai,W015,W013,W014
C1530,Rachit Balan,Vellore,W015,W013,W014
C1531,Charvi Peri,Bangalore,W013,W014,W015
C1532,Yashica Venkatesh,Bhopal,W010,W011,W012
C1533,Aadi Radhakrishnan,Kanpur,W002,W001,W003
C1533,Aadi Radhakrishnan,Kanpur,W002,W001,W003
C1534,Jyoti Dara,Gwalior,W010,W011,W012
C1534,Jyoti Dara,Gwalior,W010,W011,W012
C1535,Dev Khare,Visakhapatnam,W014,W015,W013
C1536,Ekantika Issac,Indore,W010,W011,W012
C1537,Geetika Chad,Kolkata,W007,W008,W009
C1538,Ronith Dora,Thane,W004,W005,W006
C1539,Akshay Balay,Lucknow,W002,W001,W003
C1540,Atharv Mane,New Delhi,W001,W002,W003
C1541,Vinaya Kamdar,Vijayawada,W014,W015,W013
C1542,Benjamin Kumer,Patna,W009,W007,W008
C1543,Aryan Prabhakar,Chandigarh,W003,W001,W002
C1544,Luke Chad,Kanpur,W002,W001,W003
C1545,Lakshmi Khanna,Chennai,W015,W013,W014
C1546,Bhavna Shan,Jabalpur,W010,W011,W012
C1547,Ijaya Soni,Faridabad,W003,W001,W002
C1547,Ijaya Soni,Faridabad,W003,W001,W002
C1548,Nathaniel Cherian,Noida,W002,W001,W003
C1549,Qasim Kaur,Jamshedpur,W012,W010,W011
C1550,Samar Sethi,Jamshedpur,W012,W010,W011
C1551,Jagdish Bhardwaj,Ghaziabad,W002,W001,W003
C1552,Kabir Nadig,Gurgaon,W003,W001,W002
C1553,Hemangini Ravel,Noida,W002,W001,W003
C1554,,Ghaziabad,W002,W001,W003
C1555,Shaurya Radhakrishnan,Noida,W002,W001,W003
C1556,Jeremiah Doshi,Madurai,W015,W013,W014
C1557,Ikbal Biswas,Jamshedpur,W012,W010,W011
C1558,Nilima Nanda,Surat,W005,W004,W006
C1559,Chaitanya Shah,Faridabad,W003,W001,W002
C1560,Andrew Vala,Vijayawada,W014,W015,W013
C1561,Jagvi Sheth,Bhopal,W010,W011,W012
C1562,Ekaja Jain,Ranchi,W012,W011,W010
C1563,Warhi Chokshi,Mysore,W013,W014,W015
C1564,Unnati Balasubramanian,Vijayawada,W014,W015,W013
C1565,Nikita Bahl,Jabalpur,W010,W011,W012
C1566,Lucky Sethi,Gurgaon,W003,W001,W002
C1567,Ekta Chandran,Madurai,W015,W013,W014
C1568,Anjali Murty,Kanpur,W002,W001,W003
C1569,Utkarsh Bava,Salem,W015,W013,W014
C1570,Gaurika Cherian,Salem,W015,W013,W014
C1571,Faqid Amble,Jodhpur,W006,W005,W004
C1572,Dayita Prakash,Dhanbad,W012,W010,W011
C1573,Praneel Kara,Gurgaon,W003,W001,W002
C1574,Michael Pal,Mysore,W013,W014,W015
C1575,Henry Aurora,Patna,W009,W007,W008
C1576,Nisha Bora,Indore,W010,W011,W012
C1577,Lopa Naidu,Ranchi,W012,W011,W010
C1578,Rachit Brahmbhatt,Ranchi,W012,W011,W010
C1579,Yoshita Sandhu,Nagpur,W004,W005,W006
C1580,Faraj Ganesh,Visakhapatnam,W014,W015,W013
C1581,Aditya Thaker,Vellore,W015,W013,W014
C1582,Manan Hari,Jaipur,W006,W005,W004
C1583,Ishani Saxena,Mumbai,W004,W005,W006
C1584,Chanakya Sane,Salem,W015,W013,W014
C1585,Vamakshi Master,Bhopal,W010,W011,W012
C1586,Vaishnavi Savant,Mysore,W013,W014,W015
C1587,Harshil Mammen,Jaipur,W006,W005,W004
C1588,Eesha Khalsa,Raipur,W011,W010,W012
C1589,Robert Venkataraman,Aurangabad,W004,W005,W006
C1590,Jyoti Chakrabarti,Nagpur,W004,W005,W006
C1591,Hema Chaudhry,Bhopal,W010,W011,W012
C1592,Fariq Sha,Vijayawada,W014,W015,W013
C1593,Zayan Rana,Pune,W004,W005,W006
C1594,Lakshit Dugar,Mysore,W013,W014,W015
C1595,Logan Bath,Vadodara,W005,W006,W004
C1596,Aarnav Kurian,Aurangabad,W004,W005,W006
C1597,Manthan Sodhi,Jodhpur,W006,W005,W004
C1598,Zayyan Sagar,Salem,W015,W013,W014
C1599,Arjun Chanda,Bangalore,W013,W014,W015
C1600,Shivani Dutta,Kolkata,W007,W008,W009
C1601,Anvi Hora,Ghaziabad,W002,W001,W003
C1602,Nakul Devi,Coimbatore,W015,W013,W014
C1603,Xalak Devan,Bhubaneswar,W008,W007,W009
C1604,Timothy Balakrishnan,Faridabad,W003,W001,W002
C1605,Megha Chaudhuri,Gurgaon,W003,W001,W002
C1606,Jeet Om,Ahmedabad,W005,W004,W006
C1607,Samaksh Savant,Bhubaneswar,W008,W007,W009
C1608,Hredhaan Lad,Surat,W005,W004,W006
C1609,Nitesh Tandon,Vadodara,W005,W006,W004
C1610,Idika Sura,Vadodara,W005,W006,W004
C1611,Simon Bansal,Udaipur,W006,W005,W004
C1612,Mitesh Ram,Madurai,W015,W013,W014
C1613,Laksh Borah,Hyderabad,W014,W013,W015
C1614,Warhi Mani,Pune,W004,W005,W006
C1615,Joshua Sha,Madurai,W015,W013,W014
C1616,Xavier Nadig,Indore,W010,W011,W012
C1617,Hemani Murthy,Chennai,W015,W013,W014
C1618,Timothy Dada,Surat,W005,W004,W006
C1619,Ijaya Rege,Visakhapatnam,W014,W015,W013
C1620,Ishaan Dhawan,Udaipur,W006,W005,W004
C1621,Triveni Biswas,Visakhapatnam,W014,W015,W013
C1622,David Sharma,Chennai,W015,W013,W014
C1623,Osha Gade,Chandigarh,W003,W001,W002
C1624,Ishanvi Brar,Chandigarh,W003,W001,W002
C1625,Harinakshi Jha,Aurangabad,W004,W005,W006
C1626,,Jodhpur,W006,W005,W004
C1627,Bhavna Bhatia,Jodhpur,W006,W005,W004
C1628,George Bose,Bhubaneswar,W008,W007,W009
C1629,Isha Barman,Dhanbad,W012,W010,W011
C1630,Quincy Sodhi,Ahmedabad,W005,W004,W006
C1631,Gopal Goel,Kolkata,W007,W008,W009
C1632,Lekha Kaur,Patna,W009,W007,W008
C1633,William Vig,Kolkata,W007,W008,W009
C1634,Zayan Nagarajan,Dhanbad,W012,W010,W011
C1635,Oliver Sane,Raipur,W011,W010,W012
C1636,Jalsa Kala,Jaipur,W006,W005,W004
C1637,Raagini Mohan,Kolkata,W007,W008,W009
C1638,Vincent Krishnan,Faridabad,W003,W001,W002
C1639,Odika Thakur,Visakhapatnam,W014,W015,W013
C1640,Ridhi Kunda,Lucknow,W002,W001,W003
C1641,Dalbir Konda,Pune,W004,W005,W006
C1642,Utkarsh Wali,Gurgaon,W003,W001,W002
C1643,Sneha Rai,Gwalior,W010,W011,W012
C1644,Pranit Lala,Bhopal,W010,W011,W012
C1645,Oviya Sodhi,Thane,W004,W005,W006
C1646,Advay Sehgal,Indore,W010,W011,W012
C1646,Advay Sehgal,Indore,W010,W011,W012
C1647,Ridhi Saini,Madurai,W015,W013,W014
C1648,Bhanumati Kashyap,Vijayawada,W014,W015,W013
C1649,Guneet Mandal,Aurangabad,W004,W005,W006
C1650,,Madurai,W015,W013,W014
C1651,Jeet Sankaran,Salem,W015,W013,W014
C1652,Oscar Kota,Ranchi,W012,W011,W010
C1653,Samuel Chand,Noida,W002,W001,W003
C1654,Kamala Kant,Jodhpur,W006,W005,W004
C1655,Ekani Vaidya,Thane,W004,W005,W006
C1656,Varenya Rajagopal,Patna,W009,W007,W008
C1657,Sai Dhingra,Faridabad,W003,W001,W002
C1658,Kevin Dhar,Patna,W009,W007,W008
C1658,Kevin Dhar,Patna,W009,W007,W008
C1659,Brinda Palla,Mumbai,W004,W005,W006
C1660,Mason Anne,Salem,W015,W013,W014
C1661,Vedant Chahal,Vadodara,W005,W006,W004
C1662,Oeshi Puri,Gurgaon,W003,W001,W002
C1663,Samaksh Ahluwalia,Faridabad,W003,W001,W002
C1664,Imaran Agarwal,Salem,W015,W013,W014
C1665,Gopal Mann,Chennai,W015,W013,W014
C1666,Kalpit Reddy,Chandigarh,W003,W001,W002
C1667,Tanvi Bedi,Gurgaon,W003,W001,W002
C1668,Jeevika Mistry,Indore,W010,W011,W012
C1669,Ekavir Rout,Madurai,W015,W013,W014
C1670,Aryan Bumb,Kolkata,W007,W008,W009
C1671,,Noida,W002,W001,W003
C1672,Azad Balan,Vijayawada,W014,W015,W013
C1673,Wridesh Bajwa,Madurai,W015,W013,W014
C1674,Kevin Manda,Chandigarh,W003,W001,W002
C1675,Mitesh Yogi,Vellore,W015,W013,W014
C1676,Meera Bhatt,Patna,W009,W007,W008
C1677,Zaitra Kapadia,Indore,W010,W011,W012
C1678,Chasmum Modi,Madurai,W015,W013,W014
C1678,Chasmum Modi,Madurai,W015,W013,W014
C1679,Simon Sami,Chandigarh,W003,W001,W002
C1680,William Karan,Lucknow,W002,W001,W003
C1681,Harsh Chokshi,Chandigarh,W003,W001,W002
C1682,Fiyaz Konda,Chennai,W015,W013,W014
C1683,Tristan Bobal,Jabalpur,W010,W011,W012
C1684,,Noida,W002,W001,W003
C1685,Anay Prashad,Vadodara,W005,W006,W004
C1686,Ishanvi Datta,Madurai,W015,W013,W014
C1687,Rushil Bali,Thane,W004,W005,W006
C1688,Veda Suri,Chandigarh,W003,W001,W002
C1689,Nisha Pau,Nagpur,W004,W005,W006
C1690,Gopal Keer,Dhanbad,W012,W010,W011
C1691,Hardik Lal,Surat,W005,W004,W006
C1692,,Faridabad,W003,W001,W002
C1693,Aarav Ramesh,Udaipur,W006,W005,W004
C1694,Amaira Gara,Salem,W015,W013,W014
C1695,Ansh Chander,Bhubaneswar,W008,W007,W009
C1696,Kiaan Goswami,Dhanbad,W012,W010,W011
C1696,Kiaan Goswami,Dhanbad,W012,W010,W011
C1697,Warjas Master,Vellore,W015,W013,W014
C1698,Aarini Bali,Mysore,W013,W014,W015
C1699,Udyati Bahri,Ranchi,W012,W011,W010
C1700,Qushi Garde,Hyderabad,W014,W013,W015
C1701,Nikita Mody,Dhanbad,W012,W010,W011
C1702,Rachit Jhaveri,Salem,W015,W013,W014
C1703,Urishilla Dara,Salem,W015,W013,W014
C1704,Liam Upadhyay,Lucknow,W002,W001,W003
C1705,Garima Bora,Udaipur,W006,W005,W004
C1706,Ikshita Sachdev,New Delhi,W001,W002,W003
C1707,Alka Khalsa,Ahmedabad,W005,W004,W006
C1708,Udarsh Dave,Ahmedabad,W005,W004,W006
C1709,Vasatika Palla,Thane,W004,W005,W006
C1710,Yuvraj Rajagopal,Coimbatore,W015,W013,W014
C1711,Tanish Chana,Gurgaon,W003,W001,W002
C1712,Kashish Sastry,Kanpur,W002,W001,W003
C1713,Eesha Yogi,Thane,W004,W005,W006
C1714,Gagan Banik,Mysore,W013,W014,W015
C1715,Faqid Kaur,Jamshedpur,W012,W010,W011
C1716,Advaith Nadig,Ghaziabad,W002,W001,W003
C1717,Kavya Walla,Surat,W005,W004,W006
C1718,Devika Muni,Bangalore,W013,W014,W015
C1718,Devika Muni,Bangalore,W013,W014,W015
C1719,Christopher Bandi,Ahmedabad,W005,W004,W006
C1720,Vedika Jain,Chandigarh,W003,W001,W002
C1721,Watika Sethi,Udaipur,W006,W005,W004
C1722,Veda Dani,Visakhapatnam,W014,W015,W013
C1723,Aarush Venkataraman,Madurai,W015,W013,W014
C1724,Gautami Sridhar,Vijayawada,W014,W015,W013
C1725,Peter Sha,Surat,W005,W004,W006
C1726,Oscar Kashyap,Jamshedpur,W012,W010,W011
C1727,Rajata Bail,Lucknow,W002,W001,W003
C1728,Quincy Palan,Gwalior,W010,W011,W012
C1729,Wahab Maharaj,Dhanbad,W012,W010,W011
C1730,Samaksh Munshi,Faridabad,W003,W001,W002
C1731,Lakshit Walia,Jodhpur,W006,W005,W004
C1732,Chakradev Sachdev,Gurgaon,W003,W001,W002
C1733,Niharika Kalla,Kolkata,W007,W008,W009
C1734,Saanvi Badal,Chennai,W015,W013,W014
C1735,Wahab Lad,Ahmedabad,W005,W004,W006
C1736,Jyoti Din,Mysore,W013,W014,W015
C1737,Thomas Kulkarni,Jabalpur,W010,W011,W012
C1738,Kamya Sandal,Dhanbad,W012,W010,W011
C1739,,Ahmedabad,W005,W004,W006
C1740,,Nagpur,W004,W005,W006
C1741,Aarush Buch,Mumbai,W004,W005,W006
C1742,Frederick Uppal,Vadodara,W005,W006,W004
C1743,Arjun Bal,Bangalore,W013,W014,W015
C1744,Aashi Bhat,Lucknow,W002,W001,W003
C1745,Rehaan Trivedi,Chandigarh,W003,W001,W002
C1746,Janya Narula,Mysore,W013,W014,W015
C1747,Ucchal Anne,Ghaziabad,W002,W001,W003
C1748,Irya Khosla,Coimbatore,W015,W013,W014
C1749,Panini Yogi,Surat,W005,W004,W006
C1750,Yadavi Sanghvi,Aurangabad,W004,W005,W006
C1751,Turvi Roy,Bangalore,W013,W014,W015
C1752,Laksh Subramaniam,Mysore,W013,W014,W015
C1753,Bimala Kapoor,Jamshedpur,W012,W010,W011
C1754,Gayathri Jani,Jaipur,W006,W005,W004
C1755,Rajeshri Bhatia,Mysore,W013,W014,W015
C1756,Ishita Luthra,Lucknow,W002,W001,W003
C1757,Pavani Pandya,Surat,W005,W004,W006
C1758,Mugdha Mammen,Patna,W009,W007,W008
C1759,Sathvik Dubey,Raipur,W011,W010,W012
C1760,Harita Gopal,Ranchi,W012,W011,W010
C1761,Chaaya Kashyap,Chennai,W015,W013,W014
C1762,Omya Bhatt,Faridabad,W003,W001,W002
C1763,Aditya Bansal,Faridabad,W003,W001,W002
C1764,Irya Chokshi,Faridabad,W003,W001,W002
C1765,,Indore,W010,W011,W012
C1766,Nidra Oommen,Salem,W015,W013,W014
C1767,Jyoti Chada,Madurai,W015,W013,W014
C1768,Raghav Ramanathan,Lucknow,W002,W001,W003
C1769,Vedika Zacharia,Indore,W010,W011,W012
C1770,Chatura Gala,Bangalore,W013,W014,W015
C1771,Zaitra Bal,Indore,W010,W011,W012
C1772,Veda Pandey,Jabalpur,W010,W011,W012
C1773,Kashvi Thakkar,Madurai,W015,W013,W014
C1774,Udarsh Date,Visakhapatnam,W014,W015,W013
C1775,Gavin Chaudhari,Mumbai,W004,W005,W006
C1776,Ayaan Deo,Kolkata,W007,W008,W009
C1777,Zayan Chaudry,Nagpur,W004,W005,W006
C1778,Krishna Dalal,Ranchi,W012,W011,W010
C1779,Kevin Ratti,Thane,W004,W005,W006
C1780,Isaiah Sha,Lucknow,W002,W001,W003
C1781,Ishita Grover,Bhopal,W010,W011,W012
C1782,Harshil Mand,Vadodara,W005,W006,W004
C1783,Om Loke,Salem,W015,W013,W014
C1784,Turvi Anand,New Delhi,W001,W002,W003
C1785,Matthew Chahal,Jamshedpur,W012,W010,W011
C1786,Rayaan Natarajan,Nagpur,W004,W005,W006
C1787,Neel Raghavan,Faridabad,W003,W001,W002
C1788,Mohini Saxena,Mumbai,W004,W005,W006
C1789,Kai Kamdar,Bangalore,W013,W014,W015
C1790,Ekiya Lall,Mysore,W013,W014,W015
C1791,Adya Lala,Thane,W004,W005,W006
C1792,Dominic Bera,Madurai,W015,W013,W014
C1793,Yashasvi Arya,Patna,W009,W007,W008
C1794,Lucky Kuruvilla,Bhubaneswar,W008,W007,W009
C1795,Nimrat Butala,Gwalior,W010,W011,W012
C1796,Ishita Deol,Ranchi,W012,W011,W010
C1797,Harinakshi Doshi,Lucknow,W002,W001,W003
C1798,Guneet Bora,Vellore,W015,W013,W014
C1799,Anusha Halder,Pune,W004,W005,W006
C1800,Kabir Kannan,Raipur,W011,W010,W012
C1801,,Ahmedabad,W005,W004,W006
C1802,,Raipur,W011,W010,W012
C1803,Yashawini Jha,Salem,W015,W013,W014
C1804,Vedant Rama,Raipur,W011,W010,W012
C1805,Girindra Biswas,Gwalior,W010,W011,W012
C1806,Jagvi Jayaraman,New Delhi,W001,W002,W003
C1807,Watika Prashad,Vijayawada,W014,W015,W013
C1808,Liam Vohra,Raipur,W011,W010,W012
C1809,Suhani Dayal,Coimbatore,W015,W013,W014
C1809,Suhani Dayal,Coimbatore,W015,W013,W014
C1810,Yauvani Kashyap,Vadodara,W005,W006,W004
C1811,Wakeeta Dada,Gurgaon,W003,W001,W002
C1812,Manya Bhavsar,Nagpur,W004,W005,W006
C1813,Damyanti Lad,Mumbai,W004,W005,W006
C1814,Kiaan Upadhyay,Patna,W009,W007,W008
C1815,Theodore Ben,Mumbai,W004,W005,W006
C1816,Zashil Kunda,Ahmedabad,W005,W004,W006
C1817,Chatresh Chand,Mysore,W013,W014,W015
C1818,Mason Gala,Indore,W010,W011,W012
C1819,Vidhi Wali,Jaipur,W006,W005,W004
C1820,Gavin Raja,Udaipur,W006,W005,W004
C1821,Sanaya Chatterjee,Noida,W002,W001,W003
C1822,Darika Roy,Chennai,W015,W013,W014
C1823,Qarin Oommen,Pune,W004,W005,W006
C1824,Devansh Nayar,Salem,W015,W013,W014
C1825,Ekavir Narain,Raipur,W011,W010,W012
C1825,Ekavir Narain,Raipur,W011,W010,W012
C1826,Vansha Buch,Ranchi,W012,W011,W010
C1827,Yash Sengupta,Noida,W002,W001,W003
C1828,Bhavini Lanka,Indore,W010,W011,W012
C1829,Gopal Roy,Salem,W015,W013,W014
C1830,Zilmil Bhandari,Visakhapatnam,W014,W015,W013
C1831,,Ahmedabad,W005,W004,W006
C1832,Ikbal Aggarwal,Chandigarh,W003,W001,W002
C1833,Vidhi Bains,Bangalore,W013,W014,W015
C1834,Keya Hans,Bhubaneswar,W008,W007,W009
C1835,Triya Nayar,Thane,W004,W005,W006
C1836,Yamini Morar,Ranchi,W012,W011,W010
C1837,Vrishti Chaudhari,Ahmedabad,W005,W004,W006
C1838,Aarnav Raj,Noida,W002,W001,W003
C1839,Bhanumati Raman,Mumbai,W004,W005,W006
C1840,Champak Choudhary,Vijayawada,W014,W015,W013
C1841,Jhalak Sekhon,Aurangabad,W004,W005,W006
C1842,Avni Issac,Dhanbad,W012,W010,W011
C1843,Urmi Sem,Raipur,W011,W010,W012
C1844,Baljiwan Mannan,Pune,W004,W005,W006
C1845,Aditya Aggarwal,Vijayawada,W014,W015,W013
C1846,Anya Nagar,Vadodara,W005,W006,W004
C1847,Indrajit Mahal,Visakhapatnam,W014,W015,W013
C1848,Gabriel Bhardwaj,Jabalpur,W010,W011,W012
C1849,Naksh Nadig,Vadodara,W005,W006,W004
C1850,Jonathan Sachdeva,Ghaziabad,W002,W001,W003
C1850,Jonathan Sachdeva,Ghaziabad,W002,W001,W003
C1851,Januja Chaudhary,Mumbai,W004,W005,W006
C1852,Parth Chaudry,Aurangabad,W004,W005,W006
C1853,Maanav Kaur,Kolkata,W007,W008,W009
C1854,Yoshita Khatri,Bhubaneswar,W008,W007,W009
C1855,Yatin Devan,Bangalore,W013,W014,W015
C1856,Geetika Shenoy,Jamshedpur,W012,W010,W011
C1857,Ekanta Thakur,Madurai,W015,W013,W014
C1858,Nitesh Dalal,Surat,W005,W004,W006
C1859,Udarsh Gour,Ghaziabad,W002,W001,W003
C1860,,Faridabad,W003,W001,W002
C1861,Veda Jha,Noida,W002,W001,W003
C1862,Varenya Vala,Indore,W010,W011,W012
C1863,Champak Bhatti,Hyderabad,W014,W013,W015
C1864,Xiti Krish,Gwalior,W010,W011,W012
C1865,Nidra Kannan,Jamshedpur,W012,W010,W011
C1866,Anay Swamy,Ghaziabad,W002,W001,W003
C1867,Jeevika Nagi,Salem,W015,W013,W014
C1868,Wyatt Choudhry,Bhopal,W010,W011,W012
C1869,Ira Merchant,Aurangabad,W004,W005,W006
C1870,Yochana Karnik,Mysore,W013,W014,W015
C1871,Balendra Koshy,Indore,W010,W011,W012
C1872,Mohini Varghese,Udaipur,W006,W005,W004
C1873,Falak Sangha,Noida,W002,W001,W003
C1874,Luke Ranganathan,Visakhapatnam,W014,W015,W013
C1875,Harini More,Kanpur,W002,W001,W003
C1876,Yashasvi Sagar,Lucknow,W002,W001,W003
C1877,Priya Badal,Ranchi,W012,W011,W010
C1878,Lipika Pillai,Indore,W010,W011,W012
C1879,Ekaraj Khurana,Salem,W015,W013,W014
C1880,Utkarsh Sama,Madurai,W015,W013,W014
C1881,Ati Banik,Bhopal,W010,W011,W012
C1882,Anjali Deep,Vijayawada,W014,W015,W013
C1883,Ria Parsa,Chandigarh,W003,W001,W002
C1884,Brijesh Nagarajan,Mumbai,W004,W005,W006
C1885,Laban Pall,Bangalore,W013,W014,W015
C1886,Wyatt Panchal,Noida,W002,W001,W003
C1887,Dhriti Gara,Mumbai,W004,W005,W006
C1888,Nidra Bhalla,Jaipur,W006,W005,W004
C1889,Nicholas Sane,Mysore,W013,W014,W015
C1890,Victor Kapadia,Aurangabad,W004,W005,W006
C1890,Victor Kapadia,Aurangabad,W004,W005,W006
C1891,Xalak Chakrabarti,Nagpur,W004,W005,W006
C1892,Hamsini Buch,Dhanbad,W012,W010,W011
C1893,Daksha Pingle,Madurai,W015,W013,W014
C1894,Jack Kothari,Kolkata,W007,W008,W009
C1895,Balendra Wali,Patna,W009,W007,W008
C1896,Saanvi Patel,Gwalior,W010,W011,W012
C1897,Aayush Narasimhan,Bhopal,W010,W011,W012
C1898,Thomas Ramakrishnan,Noida,W002,W001,W003
C1899,Vedant Pandey,Dhanbad,W012,W010,W011
C1900,Manya Sanghvi,Madurai,W015,W013,W014
C1901,Jason Sem,Udaipur,W006,W005,W004
C1902,Faris Sood,Chennai,W015,W013,W014
C1903,Tristan Issac,Udaipur,W006,W005,W004
C1904,Zayan Kalla,Surat,W005,W004,W006
C1905,Urvi Chana,Ahmedabad,W005,W004,W006
C1906,Neel Choudhury,Madurai,W015,W013,W014
C1907,Harita Agrawal,Mysore,W013,W014,W015
C1908,Chakradev Batta,Ahmedabad,W005,W004,W006
C1909,Yashoda Buch,Pune,W004,W005,W006
C1910,Aadi Kapoor,Pune,W004,W005,W006
C1911,Manbir Vig,Bangalore,W013,W014,W015
C1912,Gayathri Cherian,Indore,W010,W011,W012
C1913,Noah Sampath,Madurai,W015,W013,W014
C1914,Krishna Bala,Bangalore,W013,W014,W015
C1915,Nirja Murty,Kanpur,W002,W001,W003
C1916,Amara Ray,Mumbai,W004,W005,W006
C1917,Rishi Kanda,Bangalore,W013,W014,W015
C1918,Avni Pathak,Bhopal,W010,W011,W012
C1919,Tanay Guha,Vellore,W015,W013,W014
C1920,Oeshi Karpe,Udaipur,W006,W005,W004
C1921,Ucchal Sem,Mysore,W013,W014,W015
C1922,Brijesh Issac,Bangalore,W013,W014,W015
C1923,Ekalinga Kamdar,Faridabad,W003,W001,W002
C1924,Mahika Sem,Thane,W004,W005,W006
C1925,Oscar Buch,Salem,W015,W013,W014
C1926,Damyanti Sandal,Vellore,W015,W013,W014
C1927,Aradhana Bahl,Vijayawada,W014,W015,W013
C1928,David Menon,Bangalore,W013,W014,W015
C1929,,Nagpur,W004,W005,W006
C1930,Veda Taneja,Ghaziabad,W002,W001,W003
C1931,Alka Lata,Nagpur,W004,W005,W006
C1932,Urmi Bhagat,Madurai,W015,W013,W014
C1933,Kiaan Bhasin,Thane,W004,W005,W006
C1934,Bhanumati Raval,Aurangabad,W004,W005,W006
C1935,Yamini Bumb,Visakhapatnam,W014,W015,W013
C1936,Zehaan Raj,Ahmedabad,W005,W004,W006
C1937,Rajeshri Vyas,Noida,W002,W001,W003
C1938,Mugdha Mane,Vijayawada,W014,W015,W013
C1939,Upkaar Bajwa,Gwalior,W010,W011,W012
C1940,Timothy Narula,Mumbai,W004,W005,W006
C1941,Charita Narasimhan,Ghaziabad,W002,W001,W003
C1942,Shivani Mane,Vellore,W015,W013,W014
C1943,Girindra Venkatesh,Vellore,W015,W013,W014
C1944,Pranav Bahl,Jabalpur,W010,W011,W012
C1945,Chandran Chatterjee,Gwalior,W010,W011,W012
C1946,Kai Pant,Chennai,W015,W013,W014
C1947,Urishilla Murty,Dhanbad,W012,W010,W011
C1948,Garima Bakshi,Hyderabad,W014,W013,W015
C1949,Irya Kapur,Patna,W009,W007,W008
C1950,Ikbal Varma,Patna,W009,W007,W008
C1951,Suhani Tara,Ranchi,W012,W011,W010
C1952,Banjeet Bal,Hyderabad,W014,W013,W015
C1953,Anya Patel,Salem,W015,W013,W014
C1954,Ekani Mangat,Surat,W005,W004,W006
C1955,Wahab Chakrabarti,Mumbai,W004,W005,W006
C1956,Amol Baria,Vijayawada,W014,W015,W013
C1957,Varenya Magar,Chennai,W015,W013,W014
C1958,Tanay Dani,Chandigarh,W003,W001,W002
C1959,Simon Nori,Aurangabad,W004,W005,W006
C1960,Logan Madan,Indore,W010,W011,W012
C1961,Faqid Nayak,Salem,W015,W013,W014
C1962,Nachiket Sarin,Dhanbad,W012,W010,W011
C1963,Zinal Sant,Kanpur,W002,W001,W003
C1964,Yashvi Saraf,Mumbai,W004,W005,W006
C1965,Imaran Shetty,Vijayawada,W014,W015,W013
C1966,Triveni Andra,Madurai,W015,W013,W014
C1967,Alka Sani,Surat,W005,W004,W006
C1968,Nimrat Mahajan,Madurai,W015,W013,W014
C1969,Bhavna Sani,Indore,W010,W011,W012
C1970,Ucchal Kalita,Gwalior,W010,W011,W012
C1971,Yoshita Atwal,Chandigarh,W003,W001,W002
C1972,Bhavika Lata,Pune,W004,W005,W006
C1973,,Patna,W009,W007,W008
C1974,Dakshesh Ganguly,Nagpur,W004,W005,W006
C1975,Wridesh Krishnan,Aurangabad,W004,W005,W006
C1976,Chakradhar Korpal,Lucknow,W002,W001,W003
C1977,Gaurika Thaman,Faridabad,W003,W001,W002
C1978,Zarna Ramakrishnan,Udaipur,W006,W005,W004
C1979,Harshil Madan,Aurangabad,W004,W005,W006
C1980,Patrick Batra,Noida,W002,W001,W003
C1981,Leela Parekh,Ghaziabad,W002,W001,W003
C1982,Ekaja Bora,Dhanbad,W012,W010,W011
C1983,Rachita Barad,Vadodara,W005,W006,W004
C1984,Laban Saxena,Mumbai,W004,W005,W006
C1985,Tanvi Kannan,Faridabad,W003,W001,W002
C1986,Kamala Mittal,Visakhapatnam,W014,W015,W013
C1987,Anvi Khalsa,Jabalpur,W010,W011,W012
C1988,Pooja Butala,Udaipur,W006,W005,W004
C1989,Henry Cheema,Pune,W004,W005,W006
C1990,Madhavi Goel,Raipur,W011,W010,W012
C1991,Gopal Naidu,Bangalore,W013,W014,W015
C1992,Adweta Parsa,Mysore,W013,W014,W015
C1993,Harita Palan,Gwalior,W010,W011,W012
C1994,Rayaan Agate,Thane,W004,W005,W006
C1994,Rayaan Agate,Thane,W004,W005,W006
C1995,Vivaan Saxena,Surat,W005,W004,W006
C1996,,Chandigarh,W003,W001,W002
C1997,Alka Cheema,Raipur,W011,W010,W012
C1998,Mitali Bhattacharyya,Bhubaneswar,W008,W007,W009
C1999,Siya Bedi,Gurgaon,W003,W001,W002
C2000,Radhika Varghese,Jodhpur,W006,W005,W004
